t,x,y,vx,vy,v,Ek,Ep,E
0.0,0.0,0.0,35.35533905932738,35.35533905932737,50.0,181.24999999999997,0.0,181.24999999999997
0.01,0.3535533905932738,0.3530630580932737,35.35533905932738,35.25727255932737,49.930704664792174,180.74795695339566,0.5020430466043083,181.24999999999997
0.02,0.7071067811865476,0.7051454511865475,35.35533905932738,35.15920605932737,49.861505901068035,180.24730837736257,1.0026916226373905,181.24999999999997
0.03,1.0606601717798212,1.056247179279821,35.35533905932738,35.06113955932737,49.79240411145691,179.74805427190074,1.5019457280992459,181.25
0.04,1.4142135623730951,1.406368242373095,35.35533905932738,34.96307305932737,49.72339970026047,179.25019463701008,1.999805362989876,181.24999999999997
0.05,1.7677669529663689,1.7555086404663687,35.35533905932738,34.86500655932737,49.65449307345651,178.75372947269065,2.4962705273092793,181.24999999999994
0.06,2.1213203435596424,2.1036683735596418,35.35533905932738,34.76694005932737,49.58568463870255,178.2586587789425,2.9913412210574553,181.24999999999997
0.07,2.474873734152917,2.4508474416529165,35.35533905932738,34.66887355932737,49.51697480533952,177.76498255576558,3.4850174442344075,181.25
0.08,2.8284271247461903,2.7970458447461897,35.35533905932738,34.57080705932737,49.44836398439527,177.27270080315984,3.9772991968401317,181.24999999999997
0.09,3.181980515339464,3.142263582839463,35.35533905932738,34.47274055932737,49.379852588588136,176.78181352112534,4.46818647887463,181.24999999999997
0.1,3.5355339059327378,3.4865006559327374,35.35533905932738,34.37467405932737,49.31144103233036,176.29232070966205,4.957679290337903,181.24999999999994
0.11,3.8890872965260117,3.829757064026011,35.35533905932738,34.276607559327374,49.2431297317315,175.80422236877004,5.445777631229948,181.25
0.12,4.242640687119285,4.172032807119284,35.35533905932738,34.17854105932737,49.17491910460176,175.31751849844923,5.932481501550766,181.25
0.13,4.59619407771256,4.513327885212559,35.35533905932738,34.08047455932737,49.1068095704553,174.8322090986996,6.417790901300362,181.24999999999994
0.14,4.949747468305834,4.853642298305832,35.35533905932738,33.98240805932737,49.038801550513426,174.34829416952124,6.901705830478728,181.24999999999997
0.15,5.303300858899107,5.192976046399106,35.35533905932738,33.88434155932737,48.970895467707756,173.86577371091408,7.384226289085869,181.24999999999994
0.16,5.656854249492381,5.53132912949238,35.35533905932738,33.78627505932737,48.90309174668333,173.3846477228782,7.865352277121784,181.25
0.17,6.0104076400856545,5.868701547585654,35.35533905932738,33.68820855932737,48.8353908138016,172.90491620541349,8.345083794586472,181.24999999999994
0.18,6.363961030678928,6.205093300678927,35.35533905932738,33.59014205932737,48.76779309714346,172.42657915852,8.823420841479933,181.24999999999994
0.19,6.7175144212722016,6.5405043887722005,35.35533905932738,33.49207555932737,48.700299026512084,171.9496365821978,9.300363417802169,181.24999999999997
0.2,7.0710678118654755,6.874934811865475,35.35533905932738,33.394009059327374,48.63290903343577,171.47408847644678,9.77591152355318,181.24999999999997
0.21,7.424621202458749,7.208384569958747,35.35533905932738,33.29594255932737,48.56562355117072,170.99993484126702,10.250065158732962,181.24999999999997
0.22,7.778174593052023,7.5408536630520215,35.35533905932738,33.19787605932737,48.498443014703696,170.52717567665846,10.72282432334152,181.24999999999997
0.23,8.131727983645296,7.872342091145295,35.35533905932738,33.09980955932737,48.43136786075466,170.0558109826211,11.194189017378848,181.24999999999994
0.24,8.48528137423857,8.202849854238568,35.35533905932738,33.00174305932737,48.364398527779315,169.585840759155,11.664159240844954,181.24999999999994
0.25,8.838834764831844,8.532376952331843,35.35533905932738,32.90367655932737,48.297535455971556,169.11726500626014,12.132734993739833,181.24999999999997
0.26,9.19238815542512,8.860923385425117,35.35533905932738,32.80561005932737,48.23077908726585,168.65008372393646,12.599916276063487,181.24999999999994
0.27,9.545941546018392,9.18848915351839,35.35533905932738,32.70754355932737,48.164129865339596,168.18429691218407,13.06570308781591,181.24999999999997
0.28,9.899494936611667,9.515074256611666,35.35533905932738,32.60947705932737,48.097588235615284,167.71990457100281,13.530095428997113,181.24999999999991
0.29,10.253048327204938,9.840678694704938,35.35533905932738,32.51141055932737,48.03115464526273,167.2569067003929,13.993093299607084,181.25
0.3,10.606601717798213,10.165302467798211,35.35533905932738,32.41334405932737,47.964829543201056,166.79530330035413,14.454696699645831,181.24999999999997
0.31,10.960155108391486,10.488945575891485,35.35533905932738,32.31527755932737,47.898613380100755,166.33509437088662,14.91490562911335,181.24999999999997
0.32,11.313708498984761,10.81160801898476,35.35533905932738,32.21721105932737,47.832506608385536,165.87627991199034,15.373720088009648,181.25
0.33,11.667261889578036,11.133289797078032,35.35533905932738,32.11914455932737,47.76650968223415,165.41885992366522,15.831140076334714,181.24999999999994
0.34,12.020815280171309,11.453990910171306,35.35533905932738,32.02107805932737,47.70062305758214,164.96283440591142,16.287165594088556,181.24999999999997
0.35000000000000003,12.374368670764584,11.773711358264581,35.35533905932738,31.92301155932737,47.634847192123424,164.50820335872876,16.741796641271176,181.24999999999994
0.36,12.727922061357855,12.092451141357854,35.35533905932738,31.82494505932737,47.56918254531189,164.05496678211736,17.195033217882564,181.24999999999991
0.37,13.08147545195113,12.410210259451127,35.35533905932738,31.72687855932737,47.50362957836282,163.60312467607724,17.646875323922725,181.24999999999997
0.38,13.435028842544403,12.7269887125444,35.35533905932738,31.62881205932737,47.43818875425423,163.15267704060827,18.09732295939166,181.24999999999994
0.39,13.788582233137678,13.042786500637675,35.35533905932738,31.53074555932737,47.37286053772817,162.70362387571063,18.546376124289374,181.25
0.4,14.142135623730951,13.357603623730949,35.35533905932738,31.43267905932737,47.30764539529184,162.2559651813841,18.99403481861586,181.24999999999997
0.41000000000000003,14.495689014324226,13.671440081824223,35.35533905932738,31.33461255932737,47.242543795218694,161.80970095762882,19.440299042371116,181.24999999999994
0.42,14.849242404917497,13.984295874917496,35.35533905932738,31.23654605932737,47.17755620754937,161.3648312044448,19.88516879555515,181.24999999999997
0.43,15.202795795510772,14.296171003010768,35.35533905932738,31.138479559327372,47.11268310409256,160.921355921832,20.32864407816795,181.24999999999994
0.44,15.556349186104047,14.607065466104043,35.35533905932738,31.04041305932737,47.04792495842576,160.47927510979045,20.770724890209532,181.24999999999997
0.45,15.90990257669732,14.916979264197316,35.35533905932738,30.94234655932737,46.983282245895914,160.03858876832007,21.211411231679886,181.24999999999994
0.46,16.263455967290593,15.225912397290589,35.35533905932738,30.84428005932737,46.918755443619986,159.59929689742094,21.650703102579012,181.24999999999994
0.47000000000000003,16.61700935788387,15.533864865383865,35.35533905932738,30.74621355932737,46.85434503048534,159.16139949709304,22.088600502906917,181.24999999999997
0.48,16.97056274847714,15.840836668477136,35.35533905932738,30.64814705932737,46.790051487150095,158.72489656733634,22.525103432663588,181.24999999999994
0.49,17.324116139070416,16.146827806570414,35.35533905932738,30.55008055932737,46.72587529604333,158.2897881081509,22.960211891849042,181.24999999999994
0.5,17.67766952966369,16.451838279663686,35.35533905932738,30.45201405932737,46.66181694136515,157.8560741195367,23.39392588046326,181.24999999999994
0.51,18.031222920256962,16.75586808775696,35.35533905932738,30.35394755932737,46.59787690908671,157.4237546014937,23.826245398506256,181.24999999999994
0.52,18.38477631085024,17.058917230850234,35.35533905932738,30.255881059327372,46.53405568695001,156.99282955402194,24.257170445978026,181.24999999999997
0.53,18.73832970144351,17.36098570894351,35.35533905932738,30.15781455932737,46.47035376446771,156.5632989771214,24.686701022878573,181.24999999999997
0.54,19.091883092036785,17.66207352203678,35.35533905932738,30.05974805932737,46.40677163292266,156.13516287079207,25.11483712920789,181.24999999999997
0.55,19.445436482630058,17.962180670130053,35.35533905932738,29.96168155932737,46.34330978536749,155.708421235034,25.541578764965976,181.24999999999997
0.56,19.798989873223334,18.26130715322333,35.35533905932738,29.86361505932737,46.27996871662388,155.28307406984712,25.966925930152847,181.24999999999997
0.5700000000000001,20.152543263816607,18.559452971316603,35.35533905932738,29.76554855932737,46.21674892328187,154.85912137523147,26.39087862476848,181.24999999999994
0.58,20.506096654409877,18.856618124409874,35.35533905932738,29.66748205932737,46.15365090369895,154.43656315118704,26.813436848812888,181.24999999999994
0.59,20.85965004500315,19.152802612503148,35.35533905932738,29.56941555932737,46.09067515799906,154.01539939771388,27.234600602286076,181.24999999999994
0.6,21.213203435596427,19.448006435596422,35.35533905932738,29.47134905932737,46.02782218807138,153.5956301148119,27.654369885188036,181.24999999999994
0.61,21.5667568261897,19.742229593689697,35.35533905932738,29.37328255932737,45.965092497569124,153.17725530248117,28.07274469751877,181.24999999999994
0.62,21.920310216782973,20.03547208678297,35.35533905932738,29.27521605932737,45.90248659190806,152.76027496072166,28.489725039278277,181.24999999999994
0.63,22.27386360737625,20.32773391487624,35.35533905932738,29.177149559327372,45.84000497826497,152.3446890895334,28.905310910466554,181.24999999999994
0.64,22.627416997969522,20.619015077969518,35.35533905932738,29.07908305932737,45.77764816557596,151.93049768891635,29.319502311083614,181.24999999999997
0.65,22.980970388562795,20.90931557606279,35.35533905932738,28.981016559327372,45.715416664534594,151.51770075887052,29.732299241129443,181.24999999999997
0.66,23.334523779156072,21.198635409156065,35.35533905932738,28.88295005932737,45.653310987589926,151.10629829939592,30.143701700604044,181.24999999999997
0.67,23.688077169749345,21.486974577249338,35.35533905932738,28.78488355932737,45.591331648944355,150.69629031049254,30.553709689507418,181.24999999999997
0.68,24.041630560342618,21.774333080342615,35.35533905932738,28.68681705932737,45.529479164551354,150.2876767921604,30.96232320783957,181.24999999999997
0.6900000000000001,24.39518395093589,22.060710918435888,35.35533905932738,28.58875055932737,45.46775405211303,149.88045774439945,31.369542255600493,181.24999999999994
0.7000000000000001,24.748737341529168,22.34610809152916,35.35533905932738,28.49068405932737,45.40615683107755,149.47463316720976,31.77536683279019,181.24999999999994
0.71,25.102290732122437,22.63052459962243,35.35533905932738,28.39261755932737,45.3446880226364,149.0702030605913,32.179796939408654,181.24999999999994
0.72,25.45584412271571,22.913960442715705,35.35533905932738,28.29455105932737,45.28334814972148,148.6671674245441,32.5828325754559,181.25
0.73,25.809397513308983,23.19641562080898,35.35533905932738,28.19648455932737,45.22213773700207,148.26552625906803,32.984473740931925,181.24999999999994
0.74,26.16295090390226,23.477890133902253,35.35533905932738,28.098418059327372,45.161057310881624,147.86527956416325,33.38472043583671,181.24999999999994
0.75,26.516504294495533,23.758383981995525,35.35533905932738,28.00035155932737,45.10010739949437,147.46642733982966,33.78357266017028,181.24999999999994
0.76,26.870057685088806,24.037897165088804,35.35533905932738,27.90228505932737,45.039288532701796,147.06896958606734,34.181030413932625,181.24999999999997
0.77,27.223611075682083,24.316429683182076,35.35533905932738,27.80421855932737,44.97860124208894,146.67290630287624,34.577093697123736,181.24999999999997
0.78,27.577164466275356,24.59398153627535,35.35533905932738,27.706152059327373,44.91804606096051,146.27823749025634,34.97176250974362,181.24999999999997
0.79,27.93071785686863,24.870552724368626,35.35533905932738,27.60808555932737,44.85762352433687,145.8849631482077,35.36503685179228,181.25
0.8,28.284271247461902,25.1461432474619,35.35533905932738,27.51001905932737,44.797334168949774,145.4930832767302,35.75691672326972,181.24999999999991
0.81,28.63782463805518,25.42075310555517,35.35533905932738,27.41195255932737,44.73717853323804,145.10259787582402,36.147402124175926,181.24999999999994
0.8200000000000001,28.99137802864845,25.694382298648446,35.35533905932738,27.31388605932737,44.677157157342926,144.71350694548906,36.536493054510906,181.24999999999997
0.8300000000000001,29.344931419241725,25.96703082674172,35.35533905932738,27.21581955932737,44.617270583103426,144.3258104857253,36.924189514274666,181.24999999999997
0.84,29.698484809834994,26.23869868983499,35.35533905932738,27.11775305932737,44.55751935405133,143.93950849653277,37.31049150346719,181.24999999999994
0.85,30.05203820042827,26.509385887928264,35.35533905932738,27.01968655932737,44.49790401540612,143.55460097791146,37.695399022088495,181.24999999999994
0.86,30.405591591021544,26.779092421021538,35.35533905932738,26.92162005932737,44.438425114069666,143.1710879298614,38.07891207013857,181.24999999999994
0.87,30.759144981614817,27.047818289114815,35.35533905932738,26.823553559327372,44.37908319862077,142.78896935238254,38.46103064761743,181.24999999999997
0.88,31.112698372208094,27.315563492208085,35.35533905932738,26.72548705932737,44.31987881930945,142.4082452454749,38.84175475452505,181.24999999999994
0.89,31.466251762801367,27.58232803030136,35.35533905932738,26.62742055932737,44.260812528051154,142.02891560913852,39.22108439086144,181.24999999999997
0.9,31.81980515339464,27.84811190339463,35.35533905932738,26.52935405932737,44.20188487842062,141.65098044337333,39.599019556626615,181.24999999999994
0.91,32.173358543987916,28.112915111487908,35.35533905932738,26.431287559327373,44.1430964256457,141.27443974817945,39.97556025182057,181.25
0.92,32.526911934581186,28.376737654581177,35.35533905932738,26.33322105932737,44.08444772660085,140.8992935235567,40.35070647644328,181.25
0.93,32.88046532517446,28.639579532674453,35.35533905932738,26.23515455932737,44.02593933980053,140.5255417695052,40.724458230494776,181.24999999999997
0.9400000000000001,33.23401871576774,28.90144074576773,35.35533905932738,26.13708805932737,43.967571825392326,140.1531844860249,41.096815513975045,181.24999999999994
0.9500000000000001,33.58757210636101,29.162321293861,35.35533905932738,26.03902155932737,43.90934574514992,139.78222167311586,41.46777832688409,181.24999999999994
0.96,33.94112549695428,29.422221176954274,35.35533905932738,25.940955059327372,43.851261662465795,139.41265333077806,41.837346669221894,181.24999999999994
0.97,34.294678887547555,29.68114039504755,35.35533905932738,25.84288855932737,43.79332014234378,139.04447945901148,42.20552054098849,181.24999999999997
0.98,34.64823227814083,29.939078948140825,35.35533905932738,25.74482205932737,43.73552175139139,138.6777000578161,42.572299942183854,181.24999999999997
0.99,35.0017856687341,30.196036836234093,35.35533905932738,25.64675555932737,43.677867057811895,138.31231512719197,42.93768487280798,181.24999999999994
1.0,35.35533905932738,30.45201405932737,35.35533905932738,25.548689059327373,43.62035663139624,137.94832466713908,43.301675332860896,181.24999999999997
1.01,35.708892449920654,30.707010617420647,35.35533905932738,25.45062255932737,43.562991043514714,137.58572867765736,43.66427132234258,181.24999999999994
1.02,36.062445840513924,30.961026510513918,35.35533905932738,25.35255605932737,43.50577086710839,137.22452715874692,44.025472841253034,181.24999999999994
1.03,36.4159992311072,31.214061738607192,35.35533905932738,25.25448955932737,43.44869667668036,136.8647201104077,44.38527988959227,181.24999999999994
1.04,36.76955262170048,31.46611630170047,35.35533905932738,25.15642305932737,43.391769048286776,136.5063075326397,44.743692467360276,181.25
1.05,37.123106012293746,31.717190199793738,35.35533905932738,25.058356559327372,43.33498855952757,136.1492894254429,45.10071057455705,181.24999999999994
1.06,37.47665940288702,31.967283432887015,35.35533905932738,24.96029005932737,43.27835578953707,135.79366578881738,45.45633421118261,181.25
1.07,37.8302127934803,32.21639600098028,35.35533905932738,24.86222355932737,43.221871318974294,135.439436622763,45.81056337723692,181.24999999999991
1.08,38.18376618407357,32.46452790407356,35.35533905932738,24.76415705932737,43.165535730013055,135.08660192727993,46.16339807272003,181.24999999999994
1.09,38.537319574666846,32.71167914216684,35.35533905932738,24.666090559327372,43.10934960633179,134.73516170236806,46.514838297631904,181.24999999999997
1.1,38.890872965260115,32.95784971526011,35.35533905932738,24.56802405932737,43.053313533103214,134.3851159480274,46.86488405197255,181.24999999999994
1.11,39.24442635585339,33.20303962335338,35.35533905932738,24.46995755932737,42.9974280969837,134.036464664258,47.21353533574197,181.24999999999997
1.12,39.59797974644667,33.44724886644666,35.35533905932738,24.371891059327368,42.941693886102364,133.68920785105976,47.560792148940166,181.24999999999994
1.1300000000000001,39.95153313703994,33.69047744453993,35.35533905932738,24.27382455932737,42.88611149005007,133.34334550843283,47.90665449156713,181.24999999999997
1.1400000000000001,40.305086527633215,33.9327253576332,35.35533905932738,24.17575805932737,42.83068149986797,132.99887763637707,48.25112236362287,181.24999999999994
1.1500000000000001,40.65863991822649,34.17399260572648,35.35533905932738,24.07769155932737,42.775404508035976,132.65580423489257,48.5941957651074,181.24999999999997
1.16,41.012193308819754,34.41427918881975,35.35533905932738,23.979625059327372,42.7202811084609,132.3141253039793,48.935874696020676,181.24999999999997
1.17,41.36574669941303,34.65358510691303,35.35533905932738,23.881558559327374,42.66531189646435,131.97384084363725,49.276159156362745,181.25
1.18,41.7193000900063,34.89191036000629,35.35533905932738,23.783492059327372,42.6104974687704,131.6349508538664,49.61504914613357,181.24999999999997
1.19,42.072853480599576,35.12925494809957,35.35533905932738,23.68542555932737,42.55583842349294,131.29745533466678,49.95254466533319,181.24999999999997
1.2,42.42640687119285,35.365618871192844,35.35533905932738,23.58735905932737,42.5013353601229,130.9613542860384,50.28864571396157,181.24999999999994
1.21,42.77996026178612,35.601002129286115,35.35533905932738,23.48929255932737,42.446988879515025,130.62664770798122,50.62335229201873,181.24999999999994
1.22,43.1335136523794,35.835404722379394,35.35533905932738,23.391226059327373,42.39279958387457,130.2933356004953,50.95666439950467,181.24999999999997
1.23,43.487067042972676,36.06882665047266,35.35533905932738,23.29315955932737,42.33876807674361,129.96141796358057,51.288582036419356,181.24999999999994
1.24,43.840620433565945,36.30126791356594,35.35533905932738,23.19509305932737,42.28489496298716,129.63089479723712,51.619105202762846,181.24999999999997
1.25,44.19417382415922,36.532728511659215,35.35533905932738,23.09702655932737,42.231180848778955,129.3017661014649,51.94823389853511,181.25
1.26,44.5477272147525,36.763208444752486,35.35533905932738,22.998960059327374,42.17762634158703,128.97403187626384,52.27596812373613,181.24999999999997
1.27,44.90128060534577,36.99270771284576,35.35533905932738,22.900893559327372,42.124232050158994,128.64769212163404,52.60230787836593,181.24999999999997
1.28,45.254833995939045,37.221226315939035,35.35533905932738,22.80282705932737,42.07099858450703,128.32274683757544,52.927253162424506,181.24999999999994
1.29,45.60838738653232,37.448764254032305,35.35533905932738,22.70476055932737,42.017926555892636,127.99919602408809,53.25080397591185,181.24999999999994
1.3,45.96194077712559,37.67532152712558,35.35533905932738,22.60669405932737,41.96501657681107,127.677039681172,53.572960318827974,181.24999999999997
1.31,46.31549416771887,37.90089813521886,35.35533905932738,22.508627559327373,41.9122692609755,127.35627780882709,53.89372219117288,181.24999999999997
1.32,46.669047558312144,38.12549407831213,35.35533905932738,22.41056105932737,41.85968522330096,127.03691040705343,54.213089592946545,181.24999999999997
1.33,47.02260094890541,38.34910935640541,35.35533905932738,22.31249455932737,41.80726507988789,126.71893747585098,54.53106252414899,181.24999999999997
1.34,47.37615433949869,38.57174396949868,35.35533905932738,22.214428059327368,41.75500944800553,126.40235901521976,54.8476409847802,181.24999999999994
1.35,47.72970773009196,38.79339791759195,35.35533905932738,22.11636155932737,41.70291894607491,126.08717502515978,55.1628249748402,181.24999999999997
1.36,48.083261120685236,39.01407120068523,35.35533905932738,22.01829505932737,41.65099419365161,125.77338550567102,55.47661449432896,181.24999999999997
1.37,48.43681451127851,39.2337638187785,35.35533905932738,21.92022855932737,41.599235811408256,125.46099045675345,55.7890095432465,181.24999999999994
1.3800000000000001,48.79036790187178,39.452475771871775,35.35533905932738,21.82216205932737,41.547644421116665,125.14998987840713,56.10001012159281,181.24999999999994
1.3900000000000001,49.14392129246506,39.67020705996505,35.35533905932738,21.72409555932737,41.496220645629734,124.84038377063207,56.4096162293679,181.24999999999997
1.4000000000000001,49.497474683058336,39.88695768305832,35.35533905932738,21.626029059327372,41.44496510886301,124.53217213342823,56.71782786657175,181.25
1.41,49.8510280736516,40.10272764115159,35.35533905932738,21.52796255932737,41.393878435775996,124.22535496679555,57.02464503320438,181.24999999999994
1.42,50.204581464244875,40.317516934244864,35.35533905932738,21.429896059327373,41.34296125235316,123.91993227073418,57.33006772926579,181.24999999999997
1.43,50.558134854838144,40.53132556233814,35.35533905932738,21.33182955932737,41.29221418558459,123.61590404524401,57.63409595475597,181.24999999999997
1.44,50.91168824543142,40.744153525431415,35.35533905932738,21.233763059327373,41.2416378634464,123.31327029032502,57.93672970967493,181.24999999999994
1.45,51.2652416360247,40.95600082352468,35.35533905932738,21.13569655932737,41.19123291488084,123.0120310059773,58.23796899402265,181.24999999999994
1.46,51.61879502661797,41.166867456617965,35.35533905932738,21.03763005932737,41.14099996977607,122.71218619220079,58.53781380779916,181.24999999999994
1.47,51.97234841721124,41.37675342471124,35.35533905932738,20.93956355932737,41.09093965894563,122.41373584899553,58.83626415100444,181.24999999999997
1.48,52.32590180780452,41.58565872780451,35.35533905932738,20.841497059327374,41.04105261410764,122.11667997636148,59.13332002363848,181.24999999999997
1.49,52.67945519839779,41.79358336589778,35.35533905932738,20.743430559327372,40.99133946786366,121.82101857429868,59.42898142570131,181.25
1.5,53.033008588991066,42.00052733899105,35.35533905932738,20.64536405932737,40.94180085367724,121.52675164280707,59.723248357192894,181.24999999999997
1.51,53.38656197958434,42.20649064708433,35.35533905932738,20.54729755932737,40.892437405852206,121.23387918188669,60.01612081811328,181.24999999999997
1.52,53.74011537017761,42.411473290177604,35.35533905932738,20.44923105932737,40.843249759510556,120.94240119153753,60.30759880846242,181.24999999999994
1.53,54.09366876077089,42.61547526827088,35.35533905932738,20.351164559327373,40.794238550570135,120.65231767175962,60.59768232824034,181.24999999999994
1.54,54.447222151364166,42.81849658136415,35.35533905932738,20.25309805932737,40.74540441572191,120.36362862255294,60.886371377447034,181.24999999999997
1.55,54.800775541957435,43.02053722945743,35.35533905932738,20.15503155932737,40.69674799240699,120.07633404391747,61.17366595608251,181.24999999999997
1.56,55.15432893255071,43.2215972125507,35.35533905932738,20.05696505932737,40.64826991879333,119.79043393585322,61.459566064146735,181.24999999999994
1.57,55.50788232314399,43.42167653064398,35.35533905932738,19.958898559327373,40.59997083375209,119.5059282983602,61.74407170163976,181.24999999999997
1.58,55.86143571373726,43.62077518373725,35.35533905932738,19.86083205932737,40.55185137683366,119.22281713143843,62.027182868561546,181.24999999999997
1.59,56.214989104330535,43.81889317183052,35.35533905932738,19.76276555932737,40.50391218824345,118.94110043508786,62.308899564912096,181.24999999999994
1.6,56.568542494923804,44.0160304949238,35.35533905932738,19.66469905932737,40.45615390881727,118.66077820930853,62.58922179069144,181.24999999999997
1.61,56.92209588551708,44.21218715301707,35.35533905932738,19.56663255932737,40.40857717999645,118.3818504541004,62.86814954589954,181.24999999999994
1.62,57.27564927611036,44.40736314611034,35.35533905932738,19.468566059327372,40.36118264380262,118.10431716946356,63.14568283053642,181.24999999999997
1.6300000000000001,57.62920266670363,44.60155847420362,35.35533905932738,19.37049955932737,40.31397094281215,117.82817835539791,63.42182164460209,181.25
1.6400000000000001,57.9827560572969,44.794773137296886,35.35533905932738,19.27243305932737,40.2669427201303,117.55343401190346,63.6965659880965,181.24999999999997
1.6500000000000001,58.33630944789018,44.987007135390165,35.35533905932738,19.17436655932737,40.22009861936507,117.28008413898024,63.969915861019714,181.24999999999994
1.6600000000000001,58.68986283848345,45.178260468483444,35.35533905932738,19.07630005932737,40.17343928460063,117.00812873662827,64.2418712633717,181.24999999999997
1.67,59.04341622907672,45.36853313657671,35.35533905932738,18.97823355932737,40.12696536037057,116.73756780484752,64.51243219515244,181.24999999999994
1.68,59.39696961966999,45.55782513966999,35.35533905932738,18.880167059327373,40.08067749163068,116.46840134363798,64.78159865636196,181.24999999999994
1.69,59.750523010263265,45.74613647776325,35.35533905932738,18.78210055932737,40.034576323731535,116.2006293529997,65.04937064700026,181.24999999999994
1.7,60.10407640085654,45.93346715085653,35.35533905932738,18.68403405932737,39.98866250239067,115.93425183293263,65.31574816706733,181.24999999999994
1.71,60.45762979144981,46.11981715894981,35.35533905932738,18.585967559327372,39.94293667366446,115.66926878343679,65.58073121656318,181.24999999999997
1.72,60.81118318204309,46.30518650204307,35.35533905932738,18.48790105932737,39.89739948391973,115.40568020451215,65.84431979548779,181.24999999999994
1.73,61.164736572636365,46.489575180136356,35.35533905932738,18.389834559327372,39.852051579804915,115.14348609615878,66.1065139038412,181.25
1.74,61.518289963229634,46.672983193229626,35.35533905932738,18.29176805932737,39.80689360822104,114.8826864583766,66.36731354162336,181.24999999999994
1.75,61.87184335382291,46.8554105413229,35.35533905932738,18.193701559327373,39.76192621629228,114.62328129116567,66.6267187088343,181.24999999999997
1.76,62.22539674441619,47.036857224416174,35.35533905932738,18.09563505932737,39.71715005133623,114.36527059452592,66.88472940547402,181.24999999999994
1.77,62.57895013500946,47.21732324250945,35.35533905932738,17.99756855932737,39.67256576083388,114.10865436845744,67.1413456315425,181.24999999999994
1.78,62.93250352560273,47.39680859560272,35.35533905932738,17.89950205932737,39.628173992399205,113.85343261296019,67.39656738703977,181.24999999999994
1.79,63.28605691619601,47.57531328369599,35.35533905932738,17.80143555932737,39.58397539374848,113.59960532803417,67.6503946719658,181.24999999999997
1.8,63.63961030678928,47.75283730678927,35.35533905932738,17.703369059327372,39.53997061266927,113.34717251367934,67.90282748632062,181.24999999999994
1.81,63.993163697382556,47.929380664882544,35.35533905932738,17.60530255932737,39.49616029698911,113.09613416989576,68.1538658301042,181.24999999999994
1.82,64.34671708797583,48.10494335797582,35.35533905932738,17.507236059327372,39.45254509454381,112.8464902966834,68.40350970331656,181.24999999999994
1.83,64.70027047856911,48.279525386069096,35.35533905932738,17.40916955932737,39.4091256531455,112.59824089404228,68.6517591059577,181.24999999999997
1.84,65.05382386916237,48.45312674916235,35.35533905932738,17.31110305932737,39.36590262055036,112.35138596197238,68.89861403802757,181.24999999999994
1.85,65.40737725975565,48.625747447255634,35.35533905932738,17.21303655932737,39.32287664442596,112.10592550047369,69.14407449952627,181.24999999999994
1.86,65.76093065034893,48.79738748034891,35.35533905932738,17.11497005932737,39.28004837231839,111.86185950954625,69.38814049045372,181.24999999999997
1.87,66.1144840409422,48.968046848442185,35.35533905932738,17.01690355932737,39.23741845161897,111.61918798919004,69.63081201080995,181.25
1.8800000000000001,66.46803743153548,49.13772555153546,35.35533905932738,16.91883705932737,39.19498752953073,111.37791093940503,69.87208906059494,181.24999999999997
1.8900000000000001,66.82159082212875,49.306423589628736,35.35533905932738,16.82077055932737,39.15275625303453,111.13802836019124,70.11197163980873,181.24999999999997
1.9000000000000001,67.17514421272202,49.474140962722004,35.35533905932738,16.72270405932737,39.110725268854885,110.89954025154869,70.35045974845126,181.24999999999994
1.9100000000000001,67.5286976033153,49.64087767081528,35.35533905932738,16.624637559327372,39.068895223425486,110.6624466134774,70.58755338652259,181.25
1.92,67.88225099390856,49.806633713908546,35.35533905932738,16.526571059327374,39.02726676285437,110.42674744597728,70.82325255402267,181.24999999999994
1.93,68.23580438450183,49.97140909200182,35.35533905932738,16.428504559327372,38.985840532888865,110.19244274904842,71.05755725095155,181.24999999999997
1.94,68.58935777509511,50.135203805095095,35.35533905932738,16.33043805932737,38.944617178880165,109.95953252269078,71.29046747730918,181.24999999999994
1.95,68.94291116568839,50.29801785318837,35.35533905932738,16.232371559327373,38.903597345747606,109.72801676690435,71.5219832330956,181.24999999999994
1.96,69.29646455628166,50.45985123628165,35.35533905932738,16.13430505932737,38.86278167794268,109.49789548168917,71.7521045183108,181.24999999999997
1.97,69.65001794687494,50.62070395437493,35.35533905932738,16.036238559327373,38.82217081941269,109.26916866704521,71.98083133295478,181.25
1.98,70.0035713374682,50.780576007468184,35.35533905932738,15.938172059327371,38.781765413564194,109.04183632297249,72.20816367702749,181.24999999999997
1.99,70.35712472806148,50.939467395561465,35.35533905932738,15.840105559327373,38.741566103226056,108.81589844947096,72.43410155052901,181.24999999999997
2.0,70.71067811865476,51.097378118654746,35.35533905932738,15.742039059327372,38.70157353061227,108.59135504654066,72.6586449534593,181.24999999999994
2.0100000000000002,71.06423150924803,51.25430817674801,35.35533905932738,15.64397255932737,38.6617883372845,108.3682061141816,72.88179388581834,181.24999999999994
2.02,71.41778489984131,51.41025756984129,35.35533905932738,15.545906059327372,38.622211164114255,108.1464516523938,73.10354834760619,181.25
2.0300000000000002,71.77133829043458,51.56522629793457,35.35533905932738,15.44783955932737,38.58284265124486,107.92609166117717,73.3239083388228,181.24999999999997
2.04,72.12489168102785,51.71921436102784,35.35533905932738,15.349773059327372,38.54368343805315,107.70712614053181,73.54287385946817,181.25
2.05,72.47844507162112,51.87222175912112,35.35533905932738,15.251706559327374,38.50473416311077,107.48955509045764,73.76044490954233,181.24999999999997
2.06,72.8319984622144,52.02424849221438,35.35533905932738,15.153640059327373,38.46599546414536,107.27337851095471,73.97662148904524,181.24999999999994
2.07,73.18555185280766,52.175294560307655,35.35533905932738,15.055573559327375,38.42746797800133,107.05859640202303,74.19140359797694,181.24999999999997
2.08,73.53910524340095,52.32535996340094,35.35533905932738,14.95750705932737,38.38915234060044,106.84520876366253,74.40479123633745,181.24999999999997
2.09,73.89265863399422,52.47444470149421,35.35533905932738,14.859440559327371,38.35104918690209,106.6332155958733,74.61678440412668,181.24999999999997
2.1,74.24621202458749,52.62254877458747,35.35533905932738,14.76137405932737,38.313159150863335,106.42261689865526,74.82738310134468,181.24999999999994
2.11,74.59976541518076,52.76967218268074,35.35533905932738,14.663307559327372,38.27548286539867,106.21341267200847,75.03658732799148,181.24999999999994
2.12,74.95331880577405,52.91581492577403,35.35533905932738,14.56524105932737,38.23802096233951,106.0056029159329,75.24439708406706,181.24999999999994
2.13,75.30687219636731,53.06097700386729,35.35533905932738,14.467174559327372,38.20077407239347,105.79918763042856,75.4508123695714,181.24999999999994
2.14,75.6604255869606,53.20515841696057,35.35533905932738,14.36910805932737,38.16374282510334,105.59416681549544,75.65583318450452,181.24999999999994
2.15,76.01397897755386,53.34835916505385,35.35533905932738,14.271041559327372,38.12692784880588,105.39054047113355,75.85945952886641,181.24999999999994
2.16,76.36753236814714,53.49057924814713,35.35533905932738,14.17297505932737,38.09032977059027,105.18830859734288,76.06169140265709,181.24999999999997
2.17,76.7210857587404,53.63181866624039,35.35533905932738,14.074908559327373,38.05394921625648,104.98747119412344,76.26252880587651,181.24999999999994
2.18,77.07463914933369,53.77207741933368,35.35533905932738,13.976842059327371,38.0177868102732,104.78802826147525,76.46197173852474,181.25
2.19,77.42819253992695,53.91135550742695,35.35533905932738,13.878775559327373,37.98184317573573,104.58997979939826,76.66002020060172,181.25
2.2,77.78174593052023,54.04965293052021,35.35533905932738,13.780709059327371,37.94611893432354,104.39332580789251,76.85667419210746,181.24999999999997
2.21,78.13529932111351,54.1869696886135,35.35533905932738,13.682642559327373,37.910614706257626,104.19806628695797,77.05193371304202,181.25
2.22,78.48885271170678,54.323305781706765,35.35533905932738,13.584576059327368,37.87533111025764,104.00420123659464,77.24579876340532,181.24999999999994
2.23,78.84240610230005,54.458661209800034,35.35533905932738,13.486509559327374,37.84026876349888,103.81173065680258,77.43826934319739,181.24999999999997
2.24,79.19595949289334,54.59303597289332,35.35533905932738,13.388443059327368,37.80542828156892,103.62065454758172,77.62934545241826,181.25
2.25,79.5495128834866,54.72643007098658,35.35533905932738,13.29037655932737,37.77081027842424,103.43097290893208,77.81902709106787,181.24999999999994
2.2600000000000002,79.90306627407988,54.85884350407986,35.35533905932738,13.192310059327369,37.73641536634647,103.24268574085367,78.00731425914627,181.24999999999994
2.27,80.25661966467315,54.99027627217313,35.35533905932738,13.09424355932737,37.70224415589855,103.05579304334648,78.19420695665346,181.24999999999994
2.2800000000000002,80.61017305526643,55.12072837526641,35.35533905932738,12.996177059327369,37.66829725588067,102.87029481641055,78.37970518358941,181.24999999999994
2.29,80.96372644585969,55.25019981335968,35.35533905932738,12.898110559327371,37.63457527328603,102.68619106004584,78.56380893995413,181.24999999999997
2.3000000000000003,81.31727983645298,55.37869058645296,35.35533905932738,12.80004405932737,37.601078813256436,102.50348177425234,78.74651822574764,181.24999999999997
2.31,81.67083322704624,55.50620069454623,35.35533905932738,12.701977559327371,37.567808479037694,102.32216695903008,78.9278330409699,181.25
2.32,82.02438661763951,55.6327301376395,35.35533905932738,12.603911059327373,37.534764871934854,102.14224661437902,79.10775338562094,181.24999999999994
2.33,82.3779400082328,55.758278915732774,35.35533905932738,12.505844559327372,37.501948591267336,101.96372074029921,79.28627925970076,181.24999999999997
2.34,82.73149339882606,55.88284702882605,35.35533905932738,12.407778059327374,37.4693602343238,101.78658933679061,79.46341066320934,181.24999999999994
2.35,83.08504678941934,56.006434476919324,35.35533905932738,12.309711559327372,37.43700039631698,101.61085240385324,79.63914759614671,181.24999999999994
2.36,83.4386001800126,56.12904126001259,35.35533905932738,12.211645059327374,37.40486967033831,101.43650994148709,79.81349005851285,181.24999999999994
2.37,83.79215357060589,56.250667378105874,35.35533905932738,12.113578559327372,37.372968647312405,101.26356194969219,79.98643805030777,181.24999999999994
2.38,84.14570696119915,56.37131283119915,35.35533905932738,12.015512059327374,37.34129791595147,101.09200842846852,80.15799157153147,181.25
2.39,84.49926035179244,56.49097761929241,35.35533905932738,11.91744555932737,37.30985806270954,100.92184937781605,80.3281506221839,181.24999999999994
2.4,84.8528137423857,56.6096617423857,35.35533905932738,11.819379059327371,37.27864967173659,100.7530847977348,80.49691520226516,181.24999999999994
2.41,85.20636713297898,56.727365200478964,35.35533905932738,11.72131255932737,37.2476733248326,100.58571468822481,80.66428531177516,181.24999999999997
2.42,85.55992052357225,56.84408799357223,35.35533905932738,11.623246059327371,37.21692960140142,100.41973904928601,80.83026095071394,181.24999999999994
2.43,85.91347391416554,56.95983012166552,35.35533905932738,11.52517955932737,37.186419078404654,100.25515788091847,80.99484211908151,181.25
2.44,86.2670273047588,57.074591584758785,35.35533905932738,11.427113059327372,37.156142330315326,100.09197118312215,81.15802881687783,181.25
2.45,86.62058069535207,57.18837238285206,35.35533905932738,11.32904655932737,37.126099929071565,99.93017895589705,81.31982104410292,181.24999999999997
2.46,86.97413408594535,57.301172515945325,35.35533905932738,11.230980059327372,37.09629244403016,99.76978119924317,81.4802188007568,181.24999999999997
2.47,87.32768747653863,57.41299198403861,35.35533905932738,11.13291355932737,37.06672044192007,99.61077791316048,81.63922208683947,181.24999999999994
2.48,87.68124086713189,57.52383078713188,35.35533905932738,11.034847059327372,37.03738448679585,99.45316909764908,81.79683090235088,181.24999999999994
2.49,88.03479425772518,57.63368892522515,35.35533905932738,10.93678055932737,37.00828513999103,99.29695475270887,81.95304524729107,181.24999999999994
2.5,88.38834764831844,57.74256639831843,35.35533905932738,10.838714059327373,36.97942296007147,99.1421348783399,82.10786512166005,181.24999999999994
2.5100000000000002,88.74190103891172,57.8504632064117,35.35533905932738,10.740647559327371,36.950798502788615,98.98870947454218,82.2612905254578,181.24999999999997
2.52,89.095454429505,57.957379349504976,35.35533905932738,10.642581059327373,36.92241232103279,98.83667854131565,82.41332145868432,181.24999999999997
2.5300000000000002,89.44900782009827,58.063314827598255,35.35533905932738,10.544514559327368,36.89426496478642,98.68604207866035,82.56395792133962,181.24999999999997
2.54,89.80256121069154,58.16826964069152,35.35533905932738,10.44644805932737,36.86635698107727,98.53680008657628,82.71319991342368,181.24999999999994
2.5500000000000003,90.15611460128483,58.27224378878479,35.35533905932738,10.348381559327368,36.8386889139316,98.38895256506343,82.86104743493651,181.24999999999994
2.56,90.50966799187809,58.37523727187808,35.35533905932738,10.25031505932737,36.811261304327424,98.24249951412182,83.00750048587814,181.24999999999994
2.57,90.86322138247135,58.47725008997134,35.35533905932738,10.152248559327372,36.784074690147705,98.09744093375146,83.15255906624851,181.24999999999997
2.58,91.21677477306464,58.57828224306461,35.35533905932738,10.05418205932737,36.75712960613356,97.95377682395227,83.29622317604768,181.24999999999994
2.59,91.5703281636579,58.67833373115789,35.35533905932738,9.956115559327372,36.730426583837556,97.81150718472433,83.43849281527562,181.24999999999994
2.6,91.92388155425118,58.77740455425117,35.35533905932738,9.85804905932737,36.703966151576935,97.67063201606764,83.57936798393234,181.25
2.61,92.27743494484444,58.875494712344434,35.35533905932738,9.759982559327373,36.67774883438697,97.53115131798215,83.7188486820178,181.24999999999994
2.62,92.63098833543773,58.97260420543772,35.35533905932738,9.661916059327371,36.651775153974306,97.39306509046789,83.85693490953209,181.24999999999997
2.63,92.984541726031,59.06873303353099,35.35533905932738,9.563849559327373,36.626045628670404,97.25637333352486,83.99362666647511,181.24999999999997
2.64,93.33809511662429,59.16388119662426,35.35533905932738,9.465783059327372,36.600560773385006,97.12107604715305,84.1289239528469,181.24999999999994
2.65,93.69164850721755,59.25804869471753,35.35533905932738,9.367716559327373,36.575321099559694,96.9871732313525,84.26282676864749,181.25
2.66,94.04520189781083,59.351235527810815,35.35533905932738,9.269650059327372,36.550327115121526,96.85466488612312,84.39533511387685,181.24999999999997
2.67,94.39875528840409,59.44344169590408,35.35533905932738,9.171583559327374,36.52557932443679,96.72355101146502,84.52644898853495,181.24999999999997
2.68,94.75230867899738,59.53466719899735,35.35533905932738,9.073517059327369,36.501078228264774,96.59383160737808,84.65616839262185,181.24999999999994
2.69,95.10586206959064,59.62491203709063,35.35533905932738,8.975450559327374,36.47682432371176,96.46550667386241,84.78449332613754,181.24999999999994
2.7,95.45941546018392,59.7141762101839,35.35533905932738,8.877384059327369,36.45281810418503,96.33857621091796,84.91142378908198,181.24999999999994
2.71,95.8129688507772,59.80245971827717,35.35533905932738,8.779317559327371,36.429060059347044,96.21304021854476,85.0369597814552,181.24999999999994
2.72,96.16652224137047,59.88976256137045,35.35533905932738,8.68125105932737,36.40555067506977,96.08889869674277,85.16110130325721,181.25
2.73,96.52007563196373,59.97608473946372,35.35533905932738,8.583184559327371,36.382290433389095,95.96615164551197,85.28384835448797,181.24999999999994
2.74,96.87362902255703,60.06142625255699,35.35533905932738,8.48511805932737,36.359279812459484,95.84479906485247,85.4052009351475,181.24999999999997
2.75,97.22718241315029,60.145787100650274,35.35533905932738,8.387051559327372,36.33651928650866,95.72484095476415,85.52515904523582,181.24999999999997
2.7600000000000002,97.58073580374356,60.22916728374355,35.35533905932738,8.28898505932737,36.314009325792604,95.60627731524703,85.64372268475293,181.24999999999994
2.77,97.93428919433684,60.31156680183682,35.35533905932738,8.190918559327372,36.29175039655064,95.48910814630118,85.76089185369878,181.24999999999994
2.7800000000000002,98.28784258493012,60.3929856549301,35.35533905932738,8.09285205932737,36.26974296096071,95.37333344792653,85.87666655207343,181.24999999999994
2.79,98.64139597552338,60.47342384302337,35.35533905932738,7.994785559327372,36.24798747709491,95.25895322012313,85.99104677987683,181.24999999999994
2.8000000000000003,98.99494936611667,60.55288136611664,35.35533905932738,7.896719059327371,36.226484398875144,95.14596746289095,86.104032537109,181.24999999999994
2.81,99.34850275670993,60.63135822420992,35.35533905932738,7.798652559327373,36.20523417602907,95.03437617623,86.21562382376997,181.24999999999997
2.82,99.7020561473032,60.708854417303186,35.35533905932738,7.7005860593273745,36.18423725404623,94.92417936014026,86.3258206398597,181.24999999999994
2.83,100.05560953789649,60.78536994539646,35.35533905932738,7.602519559327373,36.16349407413442,94.81537701462175,86.43462298537821,181.24999999999994
2.84,100.40916292848975,60.86090480848973,35.35533905932738,7.504453059327375,36.143005073176305,94.70796913967447,86.54203086032548,181.24999999999994
2.85,100.76271631908303,60.93545900658301,35.35533905932738,7.40638655932737,36.122770683686284,94.60195573529843,86.64804426470154,181.24999999999997
2.86,101.11626970967629,61.00903253967628,35.35533905932738,7.308320059327372,36.10279133376763,94.49733680149359,86.75266319850635,181.24999999999994
2.87,101.46982310026958,61.08162540776955,35.35533905932738,7.21025355932737,36.083067447069865,94.39411233825999,86.85588766173996,181.24999999999994
2.88,101.82337649086284,61.15323761086283,35.35533905932738,7.112187059327372,36.06359944274647,94.29228234559761,86.95771765440234,181.24999999999994
2.89,102.17692988145613,61.223869148956105,35.35533905932738,7.01412055932737,36.04438773541283,94.19184682350648,87.05815317649349,181.24999999999997
2.9,102.5304832720494,61.29352002204937,35.35533905932738,6.916054059327372,36.025432735104495,94.09280577198653,87.15719422801341,181.24999999999994
2.91,102.88403666264267,61.36219023014266,35.35533905932738,6.817987559327371,36.00673484723577,93.99515919103784,87.25484080896213,181.24999999999997
2.92,103.23759005323593,61.429879773235925,35.35533905932738,6.719921059327373,35.98829447255859,93.89890708066036,87.35109291933958,181.24999999999994
2.93,103.59114344382922,61.4965886513292,35.35533905932738,6.621854559327371,35.970112007121756,93.80404944085413,87.44595055914583,181.24999999999994
2.94,103.94469683442249,61.56231686442248,35.35533905932738,6.523788059327373,35.952187842230444,93.71058627161912,87.53941372838085,181.24999999999997
2.95,104.29825022501576,61.62706441251575,35.35533905932738,6.425721559327371,35.934522364406135,93.61851757295534,87.63148242704465,181.25
2.96,104.65180361560904,61.690831295609016,35.35533905932738,6.327655059327373,35.91711595534685,93.52784334486276,87.7221566551372,181.24999999999994
2.97,105.00535700620232,61.7536175137023,35.35533905932738,6.229588559327372,35.89996899188776,93.43856358734143,87.81143641265855,181.25
2.98,105.35891039679558,61.81542306679557,35.35533905932738,6.131522059327374,35.883081845962145,93.35067830039131,87.89932169960865,181.24999999999994
2.99,105.71246378738887,61.87624795488883,35.35533905932738,6.033455559327368,35.8664548845628,93.26418748401244,87.98581251598752,181.24999999999994
3.0,106.06601717798213,61.936092177982104,35.35533905932738,5.93538905932737,35.850088469703714,93.17909113820477,88.07090886179517,181.24999999999994
3.0100000000000002,106.41957056857541,61.99495573607539,35.35533905932738,5.837322559327369,35.833982958382286,93.09538926296831,88.15461073703163,181.24999999999994
3.02,106.77312395916869,62.052838629168654,35.35533905932738,5.739256059327371,35.818138702541845,93.01308185830314,88.23691814169682,181.24999999999994
3.0300000000000002,107.12667734976196,62.10974085726194,35.35533905932738,5.641189559327369,35.8025560490346,92.93216892420914,88.31783107579082,181.24999999999994
3.04,107.48023074035522,62.16566242035521,35.35533905932738,5.543123059327371,35.787235339585074,92.85265046068639,88.39734953931357,181.24999999999994
3.0500000000000003,107.83378413094852,62.22060331844848,35.35533905932738,5.445056559327369,35.77217691075389,92.77452646773484,88.4754735322651,181.24999999999994
3.06,108.18733752154178,62.27456355154175,35.35533905932738,5.346990059327371,35.757381093902076,92.69779694535455,88.55220305464539,181.24999999999994
3.0700000000000003,108.54089091213505,62.32754311963504,35.35533905932738,5.24892355932737,35.74284821515574,92.62246189354548,88.62753810645448,181.24999999999994
3.08,108.89444430272833,62.3795420227283,35.35533905932738,5.150857059327372,35.72857859537128,92.54852131230766,88.70147868769232,181.24999999999997
3.09,109.2479976933216,62.43056026082157,35.35533905932738,5.052790559327374,35.714572550101,92.47597520164103,88.77402479835894,181.24999999999997
3.1,109.60155108391487,62.48059783391486,35.35533905932738,4.954724059327372,35.70083038955926,92.40482356154563,88.84517643845436,181.25
3.11,109.95510447450813,62.52965474200813,35.35533905932738,4.856657559327374,35.68735241858902,92.33506639202145,88.91493360797851,181.24999999999994
3.12,110.30865786510142,62.5777309851014,35.35533905932738,4.758591059327372,35.674138936629014,92.26670369306848,88.98329630693146,181.24999999999994
3.13,110.66221125569469,62.62482656319468,35.35533905932738,4.660524559327374,35.66119023768127,92.19973546468678,89.05026453531319,181.24999999999997
3.14,111.01576464628798,62.67094147628795,35.35533905932738,4.562458059327373,35.64850661027922,92.13416170687628,89.11583829312367,181.24999999999994
3.15,111.36931803688124,62.71607572438122,35.35533905932738,4.464391559327375,35.636088337456364,92.06998241963701,89.18001758036294,181.24999999999994
3.16,111.72287142747452,62.760229307474496,35.35533905932738,4.3663250593273695,35.62393569671535,92.00719760296897,89.24280239703099,181.24999999999994
3.17,112.07642481806778,62.803402225567766,35.35533905932738,4.268258559327371,35.61204895999767,91.94580725687216,89.30419274312779,181.24999999999994
3.18,112.42997820866107,62.845594478661035,35.35533905932738,4.17019205932737,35.60042839365388,91.8858113813466,89.36418861865337,181.24999999999997
3.19,112.78353159925433,62.8868060667543,35.35533905932738,4.072125559327372,35.5890742584143,91.82720997639223,89.42279002360772,181.24999999999994
3.2,113.13708498984761,62.92703698984759,35.35533905932738,3.97405905932737,35.57798680936039,91.77000304200908,89.47999695799088,181.24999999999994
3.21,113.49063838044088,62.96628724794086,35.35533905932738,3.875992559327372,35.56716629589658,91.71419057819719,89.53580942180278,181.24999999999997
3.22,113.84419177103416,63.00455684103413,35.35533905932738,3.7779260593273705,35.55661296172268,91.65977258495653,89.59022741504346,181.25
3.23,114.19774516162742,63.04184576912741,35.35533905932738,3.6798595593273724,35.54632704480694,91.60674906228704,89.64325093771292,181.24999999999994
3.24,114.55129855222071,63.07815403222068,35.35533905932738,3.581793059327371,35.536308777359615,91.55512001018883,89.69487998981114,181.24999999999997
3.25,114.90485194281398,63.113481630313956,35.35533905932738,3.4837265593273727,35.52655838580713,91.5048854286618,89.74511457133815,181.24999999999994
3.2600000000000002,115.25840533340725,63.14782856340724,35.35533905932738,3.385660059327371,35.517076090766885,91.45604531770603,89.79395468229394,181.24999999999997
3.27,115.61195872400053,63.1811948315005,35.35533905932738,3.2875935593273695,35.50786210702259,91.40859967732146,89.84140032267847,181.24999999999994
3.2800000000000002,115.9655121145938,63.21358043459377,35.35533905932738,3.189527059327368,35.49891664350029,91.36254850750818,89.88745149249179,181.24999999999997
3.29,116.31906550518707,63.24498537268706,35.35533905932738,3.0914605593273734,35.490239903244905,91.31789180826607,89.93210819173392,181.25
3.3000000000000003,116.67261889578036,63.27540964578033,35.35533905932738,2.993394059327372,35.48183208339751,91.2746295795952,89.97537042040477,181.24999999999997
3.31,117.02617228637362,63.304853253873596,35.35533905932738,2.89532755932737,35.47369337517311,91.23276182149556,90.01723817850441,181.24999999999997
3.3200000000000003,117.3797256769669,63.33331619696688,35.35533905932738,2.7972610593273686,35.46582396383918,91.19228853396712,90.05771146603284,181.24999999999994
3.33,117.73327906756018,63.36079847506015,35.35533905932738,2.699194559327374,35.45822402869471,91.15320971700994,90.09679028299004,181.25
3.34,118.08683245815344,63.38730008815342,35.35533905932738,2.6011280593273725,35.45089374304998,91.11552537062396,90.134474629376,181.24999999999994
3.35,118.44038584874671,63.4128210362467,35.35533905932738,2.503061559327371,35.44383327420699,91.07923549480921,90.17076450519075,181.24999999999994
3.36,118.79393923933998,63.43736131933998,35.35533905932738,2.4049950593273763,35.437042783440454,91.04434008956571,90.20565991043426,181.24999999999997
3.37,119.14749262993327,63.460920937433244,35.35533905932738,2.3069285593273747,35.43052242597956,91.01083915489343,90.23916084510655,181.25
3.38,119.50104602052653,63.48349989052651,35.35533905932738,2.208862059327373,35.4242723509903,90.97873269079234,90.2712673092076,181.24999999999994
3.39,119.85459941111982,63.50509817861979,35.35533905932738,2.1107955593273715,35.418292701558556,90.9480206972625,90.30197930273745,181.24999999999994
3.4,120.20815280171308,63.525715801713055,35.35533905932738,2.01272905932737,35.412583614673764,90.9187031743039,90.33129682569604,181.24999999999994
3.41,120.56170619230636,63.54535275980633,35.35533905932738,1.9146625593273683,35.407145221213334,90.89078012191653,90.35921987808342,181.24999999999994
3.42,120.91525958289962,63.564009052899614,35.35533905932738,1.8165960593273738,35.40197764592769,90.86425154010035,90.3857484598996,181.24999999999994
3.43,121.26881297349291,63.581684680992886,35.35533905932738,1.7185295593273722,35.39708100742605,90.83911742885546,90.41088257114453,181.25
3.44,121.62236636408618,63.59837964408615,35.35533905932738,1.6204630593273706,35.39245541816285,90.81537778818173,90.43462221181822,181.24999999999994
3.45,121.97591975467945,63.61409394217943,35.35533905932738,1.522396559327369,35.38810098442486,90.79303261807924,90.4569673819207,181.24999999999994
3.46,122.32947314527273,63.62882757527271,35.35533905932738,1.4243300593273744,35.38401780631905,90.77208191854801,90.47791808145196,181.24999999999997
3.47,122.683026535866,63.64258054336598,35.35533905932738,1.3262635593273728,35.380205977761065,90.75252568958797,90.49747431041199,181.24999999999994
3.48,123.03657992645927,63.65535284645926,35.35533905932738,1.2281970593273712,35.37666558646448,90.73436393119917,90.51563606880079,181.24999999999994
3.49,123.39013331705256,63.66714448455252,35.35533905932738,1.1301305593273696,35.37339671393073,90.71759664338158,90.53240335661836,181.24999999999994
3.5,123.74368670764582,63.6779554576458,35.35533905932738,1.032064059327375,35.37039943543974,90.70222382613528,90.5477761738647,181.25
3.5100000000000002,124.0972400982391,63.687785765739086,35.35533905932738,0.9339975593273735,35.367673820041226,90.68824547946014,90.56175452053985,181.25
3.52,124.45079348883237,63.69663540883235,35.35533905932738,0.8359310593273719,35.36521993054685,90.67566160335623,90.57433839664372,181.24999999999994
3.5300000000000002,124.80434687942565,63.70450438692562,35.35533905932738,0.7378645593273703,35.3630378235229,90.66447219782357,90.58552780217639,181.24999999999994
3.54,125.15790027001891,63.7113927000189,35.35533905932738,0.6397980593273687,35.36112754928382,90.65467726286215,90.59532273713783,181.25
3.5500000000000003,125.5114536606122,63.71730034811217,35.35533905932738,0.541731559327367,35.35948915188639,90.64627679847193,90.60372320152804,181.24999999999997
3.56,125.86500705120547,63.72222733120544,35.35533905932738,0.44366505932737255,35.358122669124675,90.63927080465294,90.61072919534703,181.24999999999997
3.5700000000000003,126.21856044179874,63.72617364929872,35.35533905932738,0.34559855932737094,35.357028132525635,90.63365928140516,90.61634071859481,181.24999999999997
3.58,126.57211383239202,63.729139302391985,35.35533905932738,0.24753205932736932,35.356205567345526,90.6294422287286,90.62055777127134,181.24999999999994
3.59,126.92566722298528,63.73112429048526,35.35533905932738,0.14946555932737482,35.35565499256696,90.62661964662333,90.62338035337665,181.24999999999997
3.6,127.27922061357856,63.73212861357853,35.35533905932738,0.05139905932737321,35.35537642089672,90.62519153508921,90.62480846491073,181.24999999999994
3.61,127.63277400417182,63.732152271671815,35.35533905932738,-0.0466674406726284,35.3553698587643,90.62515789412637,90.6248421058736,181.24999999999997
3.62,127.98632739476511,63.73119526476508,35.35533905932738,-0.14473394067263,35.355635306321155,90.62651872373476,90.62348127626521,181.24999999999997
3.63,128.3398807853584,63.729257592858374,35.35533905932738,-0.24280044067262452,35.35617275744069,90.62927402391435,90.62072597608565,181.25
3.64,128.69343417595167,63.72633925595164,35.35533905932738,-0.34086694067262613,35.35698219971896,90.63342379466516,90.61657620533482,181.25
3.65,129.0469875665449,63.72244025404488,35.35533905932738,-0.43893344067262774,35.35806361447613,90.6389680359872,90.61103196401272,181.24999999999994
3.66,129.40054095713822,63.717560587138195,35.35533905932738,-0.5369999406726294,35.359416976758574,90.64590674788047,90.60409325211951,181.25
3.67,129.75409434773147,63.71170025523145,35.35533905932738,-0.6350664406726239,35.36104225534181,90.65423993034499,90.59576006965499,181.24999999999997
3.68,130.10764773832474,63.7048592583247,35.35533905932738,-0.7331329406726326,35.36293941273405,90.6639675833807,90.58603241661923,181.24999999999994
3.69,130.46120112891802,63.697037596418,35.35533905932738,-0.8311994406726271,35.365108405180585,90.67508970698765,90.57491029301231,181.24999999999994
3.7,130.8147545195113,63.68823526951127,35.35533905932738,-0.9292659406726287,35.36754918266877,90.68760630116581,90.56239369883413,181.24999999999994
3.71,131.16830791010457,63.67845227760455,35.35533905932738,-1.0273324406726303,35.3702616889338,90.70151736591522,90.54848263408473,181.24999999999994
3.72,131.52186130069785,63.66768862069782,35.35533905932738,-1.125398940672632,35.37324586146523,90.71682290123584,90.5331770987641,181.24999999999994
3.73,131.87541469129113,63.6559442987911,35.35533905932738,-1.2234654406726264,35.37650163151411,90.73352290712772,90.51647709287225,181.24999999999997
3.74,132.2289680818844,63.64321931188438,35.35533905932738,-1.321531940672628,35.38002892410093,90.75161738359081,90.49838261640917,181.25
3.75,132.58252147247765,63.62951365997765,35.35533905932738,-1.4195984406726296,35.383827658024224,90.77110633062509,90.47889366937486,181.24999999999994
3.7600000000000002,132.93607486307096,63.614827343070914,35.35533905932738,-1.5176649406726312,35.38789774586994,90.79198974823065,90.45801025176931,181.24999999999994
3.77,133.2896282536642,63.59916036116418,35.35533905932738,-1.6157314406726258,35.39223909402142,90.81426763640741,90.43573236359254,181.24999999999994
3.7800000000000002,133.6431816442575,63.582512714257476,35.35533905932738,-1.7137979406726274,35.39685160267017,90.83793999515538,90.41206000484459,181.24999999999997
3.79,133.99673503485076,63.56488440235073,35.35533905932738,-1.811864440672629,35.40173516582731,90.86300682447461,90.38699317552533,181.24999999999994
3.8000000000000003,134.35028842544403,63.546275425443994,35.35533905932738,-1.9099309406726306,35.4068896713357,90.88946812436504,90.36053187563489,181.24999999999994
3.81,134.7038418160373,63.52668578353729,35.35533905932738,-2.007997440672625,35.412315000882785,90.91732389482671,90.33267610517325,181.24999999999994
3.8200000000000003,135.0573952066306,63.506115476630555,35.35533905932738,-2.1060639406726267,35.418011030014114,90.94657413585959,90.30342586414035,181.24999999999994
3.83,135.41094859722386,63.484564504723835,35.35533905932738,-2.2041304406726283,35.423977628147576,90.97721884746375,90.27278115253624,181.25
3.84,135.7645019878171,63.4620328678171,35.35533905932738,-2.302196940672623,35.43021465858826,91.00925802963908,90.24074197036089,181.24999999999997
3.85,136.11805537841042,63.43852056591038,35.35533905932738,-2.4002634406726315,35.43672197854409,91.04269168238567,90.20730831761432,181.25
3.86,136.47160876900367,63.414027599003646,35.35533905932738,-2.498329940672626,35.44349943914203,91.07751980570345,90.17248019429651,181.24999999999994
3.87,136.82516215959694,63.38855396709691,35.35533905932738,-2.5963964406726276,35.45054688544505,91.11374239959248,90.13625760040748,181.24999999999994
3.88,137.17871555019022,63.36209967019019,35.35533905932738,-2.6944629406726293,35.4578641564697,91.15135946405275,90.09864053594723,181.24999999999997
3.89,137.5322689407835,63.33466470828347,35.35533905932738,-2.792529440672631,35.465451085204364,91.1903709990842,90.05962900091576,181.24999999999994
3.9,137.88582233137677,63.30624908137675,35.35533905932738,-2.8905959406726254,35.47330749862822,91.23077700468691,90.01922299531307,181.25
3.91,138.23937572197005,63.27685278947003,35.35533905932738,-2.988662440672627,35.48143321773075,91.27257748086082,89.97742251913914,181.24999999999994
3.92,138.59292911256333,63.246475832563306,35.35533905932738,-3.0867289406726286,35.48982805753201,91.31577242760599,89.934227572394,181.25
3.93,138.9464825031566,63.21511821065657,35.35533905932738,-3.18479544067263,35.498491827103436,91.36036184492238,89.8896381550776,181.25
3.94,139.30003589374988,63.18277992374986,35.35533905932738,-3.2828619406726247,35.5074243295894,91.40634573280998,89.84365426719002,181.25
3.95,139.65358928434316,63.149460971843126,35.35533905932738,-3.3809284406726263,35.51662536222929,91.45372409126878,89.79627590873118,181.24999999999994
3.96,140.0071426749364,63.115161354936376,35.35533905932738,-3.478994940672628,35.52609471638032,91.50249692029885,89.74750307970108,181.24999999999994
3.97,140.3606960655297,63.07988107302968,35.35533905932738,-3.5770614406726295,35.53583217754084,91.55266421990015,89.69733578009983,181.25
3.98,140.71424945612296,63.043620126122946,35.35533905932738,-3.675127940672624,35.54583752537437,91.60422599007265,89.64577400992731,181.24999999999994
3.99,141.06780284671623,63.006378514216195,35.35533905932738,-3.7731944406726328,35.556110533734184,91.65718223081642,89.59281776918354,181.24999999999994
4.0,141.4213562373095,62.968156237309486,35.35533905932738,-3.8712609406726273,35.56665097068851,91.71153294213138,89.5384670578686,181.25
4.01,141.7749096279028,62.92895329540278,35.35533905932738,-3.9693274406726218,35.57745859854631,91.76727812401755,89.48272187598243,181.25
4.0200000000000005,142.12846301849606,62.888769688496026,35.35533905932738,-4.0673939406726305,35.5885331738837,91.82441777647496,89.42558222352497,181.24999999999994
4.03,142.48201640908934,62.8476054165893,35.35533905932738,-4.165460440672632,35.59987444757086,91.88295189950362,89.36704810049633,181.24999999999994
4.04,142.83556979968262,62.805460479682594,35.35533905932738,-4.263526940672627,35.61148216479962,91.94288049310349,89.30711950689648,181.24999999999997
4.05,143.18912319027586,62.76233487777584,35.35533905932738,-4.361593440672628,35.62335606511153,92.0042035572746,89.24579644272535,181.24999999999994
4.0600000000000005,143.54267658086917,62.71822861086913,35.35533905932738,-4.45965994067263,35.63549588242656,92.06692109201691,89.18307890798306,181.24999999999997
4.07,143.89622997146245,62.67314167896241,35.35533905932738,-4.557726440672631,35.647901345072285,92.13103309733046,89.11896690266951,181.24999999999997
4.08,144.2497833620557,62.62707408205567,35.35533905932738,-4.655792940672626,35.660572175813684,92.19653957321523,89.05346042678472,181.24999999999994
4.09,144.60333675264897,62.58002582014895,35.35533905932738,-4.753859440672628,35.67350809188343,92.26344051967124,88.98655948032872,181.24999999999994
4.1,144.95689014324225,62.53199689324224,35.35533905932738,-4.851925940672622,35.686708805012714,92.33173593669846,88.91826406330152,181.25
4.11,145.31044353383552,62.482987301335484,35.35533905932738,-4.949992440672631,35.700174021462644,92.40142582429692,88.84857417570302,181.24999999999994
4.12,145.6639969244288,62.432997044428774,35.35533905932738,-5.048058940672625,35.71390344205608,92.4725101824666,88.77748981753336,181.24999999999997
4.13,146.01755031502208,62.38202612252206,35.35533905932738,-5.146125440672627,35.72789676221003,92.54498901120749,88.70501098879248,181.24999999999997
4.14,146.37110370561533,62.330074535615324,35.35533905932738,-5.244191940672621,35.74215367196856,92.61886231051963,88.63113768948033,181.24999999999994
4.15,146.72465709620863,62.2771422837086,35.35533905932738,-5.34225844067263,35.75667385603614,92.69413008040301,88.55586991959697,181.25
4.16,147.0782104868019,62.223229366801874,35.35533905932738,-5.440324940672632,35.77145699381149,92.7707923208576,88.47920767914239,181.25
4.17,147.43176387739516,62.168335784895135,35.35533905932738,-5.538391440672626,35.786502759421964,92.8488490318834,88.40115096811655,181.24999999999994
4.18,147.78531726798843,62.11246153798841,35.35533905932738,-5.636457940672628,35.80181082175832,92.92830021348041,88.32169978651952,181.24999999999994
4.19,148.13887065858174,62.0556066260817,35.35533905932738,-5.7345244406726295,35.81738084451,93.00914586564869,88.24085413435128,181.24999999999997
4.2,148.49242404917499,61.99777104917494,35.35533905932738,-5.832590940672631,35.83321248620079,93.09138598838818,88.15861401161175,181.24999999999994
4.21,148.84597743976826,61.938954807268246,35.35533905932738,-5.930657440672626,35.84930540022506,93.17502058169892,88.07497941830107,181.25
4.22,149.1995308303615,61.87915790036149,35.35533905932738,-6.028723940672627,35.86565923488427,93.26004964558085,87.9899503544191,181.24999999999994
4.23,149.55308422095482,61.81838032845478,35.35533905932738,-6.126790440672629,35.882273633424035,93.34647318003402,87.90352681996595,181.24999999999997
4.24,149.9066376115481,61.75662209154805,35.35533905932738,-6.22485694067263,35.89914823407152,93.43429118505841,87.81570881494154,181.24999999999994
4.25,150.26019100214137,61.693883189641326,35.35533905932738,-6.322923440672625,35.916282670073294,93.52350366065401,87.72649633934593,181.24999999999994
4.26,150.61374439273462,61.6301636227346,35.35533905932738,-6.4209899406726265,35.93367656973357,93.6141106068209,87.63588939317907,181.24999999999997
4.2700000000000005,150.96729778332792,61.56546339082789,35.35533905932738,-6.519056440672628,35.951329556452784,93.70611202355897,87.54388797644103,181.25
4.28,151.3208511739212,61.49978249392113,35.35533905932738,-6.61712294067263,35.96924124876665,93.79950791086827,87.45049208913169,181.24999999999994
4.29,151.67440456451445,61.43312093201443,35.35533905932738,-6.715189440672624,35.9874112603855,93.89429826874877,87.35570173125119,181.24999999999994
4.3,152.02795795510772,61.365478705107705,35.35533905932738,-6.813255940672626,36.00583920023405,93.99048309720054,87.25951690279943,181.24999999999997
4.3100000000000005,152.38151134570103,61.29685581320095,35.35533905932738,-6.911322440672635,36.02452467249145,94.08806239622353,87.16193760377642,181.24999999999994
4.32,152.73506473629428,61.22725225629425,35.35533905932738,-7.009388940672629,36.04346727663175,94.18703616581773,87.06296383418226,181.25
4.33,153.08861812688755,61.15666803438752,35.35533905932738,-7.107455440672631,36.062666607464664,94.28740440598314,86.96259559401682,181.24999999999994
4.34,153.4421715174808,61.08510314748078,35.35533905932738,-7.205521940672625,36.08212225517666,94.3891671167198,86.86083288328014,181.24999999999994
4.3500000000000005,153.7957249080741,61.01255759557405,35.35533905932738,-7.303588440672634,36.101833805372365,94.49232429802768,86.75767570197225,181.24999999999994
4.36,154.14927829866738,60.93903137866735,35.35533905932738,-7.401654940672628,36.12180083911631,94.59687594990682,86.65312405009317,181.25
4.37,154.50283168926063,60.864524496760595,35.35533905932738,-7.49972144067263,36.14202293297492,94.70282207235714,86.54717792764279,181.24999999999994
4.38,154.8563850798539,60.789036949853894,35.35533905932738,-7.5977879406726245,36.16249965905884,94.81016266537871,86.43983733462127,181.25
4.39,155.20993847044718,60.712568737947166,35.35533905932738,-7.695854440672626,36.183230585065516,94.9188977289715,86.33110227102847,181.24999999999997
4.4,155.56349186104046,60.63511986104042,35.35533905932738,-7.793920940672628,36.20421527432207,95.0290272631355,86.22097273686444,181.24999999999994
4.41,155.91704525163374,60.55669031913371,35.35533905932738,-7.891987440672629,36.22545328582839,95.14055126787076,86.10944873212921,181.24999999999997
4.42,156.27059864222701,60.47728011222701,35.35533905932738,-7.990053940672624,36.246944174300516,95.2534697431772,85.99653025682278,181.25
4.43,156.62415203282026,60.39688924032025,35.35533905932738,-8.088120440672625,36.26868749021429,95.36778268905492,85.88221731094504,181.24999999999994
4.44,156.97770542341357,60.31551770341352,35.35533905932738,-8.186186940672634,36.29068277984914,95.48349010550382,85.76650989449611,181.24999999999994
4.45,157.33125881400684,60.23316550150682,35.35533905932738,-8.284253440672629,36.31292958533223,95.600591992524,85.64940800747601,181.25
4.46,157.6848122046001,60.149832634600074,35.35533905932738,-8.382319940672623,36.335427444682665,95.71908835011536,85.5309116498846,181.24999999999994
4.47,158.03836559519337,60.06551910269336,35.35533905932738,-8.480386440672625,36.35817589185607,95.83897917827792,85.41102082172202,181.24999999999994
4.48,158.39191898578667,59.98022490578663,35.35533905932738,-8.578452940672634,36.38117445678925,95.96026447701176,85.2897355229882,181.24999999999994
4.49,158.74547237637992,59.8939500438799,35.35533905932738,-8.676519440672628,36.40442266544506,96.08294424631683,85.16705575368313,181.24999999999994
4.5,159.0990257669732,59.80669451697317,35.35533905932738,-8.77458594067263,36.427920039857476,96.2070184861931,85.04298151380685,181.24999999999994
4.51,159.45257915756648,59.718458325066464,35.35533905932738,-8.872652440672624,36.45166609817683,96.33248719664061,84.91751280335939,181.25
4.5200000000000005,159.80613254815975,59.629241468159705,35.35533905932738,-8.970718940672633,36.47566035471521,96.45935037765936,84.79064962234061,181.24999999999997
4.53,160.15968593875303,59.539043946253,35.35533905932738,-9.068785440672627,36.49990231999198,96.58760802924931,84.66239197075068,181.25
4.54,160.5132393293463,59.44786575934627,35.35533905932738,-9.166851940672629,36.5243915007795,96.7172601514105,84.53273984858949,181.25
4.55,160.86679271993955,59.35570690743954,35.35533905932738,-9.264918440672623,36.54912740014891,96.8483067441429,84.40169325585707,181.24999999999997
4.5600000000000005,161.22034611053286,59.26256739053281,35.35533905932738,-9.362984940672632,36.57410951751611,96.98074780744655,84.26925219255344,181.25
4.57,161.57389950112614,59.168447208626105,35.35533905932738,-9.461051440672627,36.5993373486878,97.11458334132138,84.13541665867861,181.25
4.58,161.92745289171938,59.07334636171936,35.35533905932738,-9.559117940672628,36.62481038590766,97.24981334576748,84.0001866542325,181.24999999999997
4.59,162.28100628231266,58.977264849812656,35.35533905932738,-9.657184440672623,36.6505281179026,97.38643782078476,83.86356217921521,181.24999999999997
4.6000000000000005,162.63455967290597,58.880202672905924,35.35533905932738,-9.755250940672632,36.67649002992918,97.52445676637332,83.72554323362665,181.24999999999997
4.61,162.9881130634992,58.78215983099916,35.35533905932738,-9.853317440672633,36.70269560381994,97.6638701825331,83.58612981746684,181.24999999999994
4.62,163.3416664540925,58.68313632409246,35.35533905932738,-9.951383940672628,36.72914431803002,97.8046780692641,83.44532193073589,181.25
4.63,163.69521984468577,58.58313215218571,35.35533905932738,-10.04945044067263,36.755835647683696,97.94688042656632,83.30311957343363,181.24999999999994
4.64,164.04877323527901,58.48214731527901,35.35533905932738,-10.147516940672624,36.78276906462098,98.09047725443976,83.15952274556022,181.25
4.65,164.40232662587232,58.380181813372275,35.35533905932738,-10.245583440672632,36.80994403744435,98.23546855288441,83.01453144711553,181.24999999999994
4.66,164.7558800164656,58.27723564646554,35.35533905932738,-10.343649940672627,36.83736003156547,98.38185432190032,82.86814567809962,181.24999999999994
4.67,165.10943340705884,58.17330881455882,35.35533905932738,-10.441716440672629,36.86501650925187,98.52963456148744,82.72036543851252,181.24999999999994
4.68,165.46298679765212,58.06840131765212,35.35533905932738,-10.539782940672623,36.89291292967382,98.67880927164578,82.5711907283542,181.24999999999997
4.69,165.81654018824543,57.962513155745356,35.35533905932738,-10.637849440672632,36.92104874895104,98.82937845237537,82.42062154762456,181.24999999999994
4.7,166.17009357883867,57.85564432883865,35.35533905932738,-10.735915940672626,36.949423420199516,98.98134210367616,82.26865789632379,181.24999999999994
4.71,166.52364696943195,57.74779483693193,35.35533905932738,-10.833982440672628,36.97803639357832,99.13470022554819,82.11529977445177,181.24999999999994
4.72,166.8772003600252,57.6389646800252,35.35533905932738,-10.932048940672622,37.00688711633635,99.28945281799145,81.96054718200851,181.24999999999994
4.73,167.2307537506185,57.52915385811846,35.35533905932738,-11.030115440672631,37.03597503285913,99.44559988100592,81.80440011899401,181.24999999999994
4.74,167.58430714121178,57.41836237121176,35.35533905932738,-11.128181940672626,37.06529958471552,99.60314141459165,81.64685858540834,181.25
4.75,167.93786053180503,57.30659021930501,35.35533905932738,-11.226248440672627,37.094860210704454,99.76207741874858,81.48792258125137,181.24999999999994
4.76,168.2914139223983,57.1938374023983,35.35533905932738,-11.324314940672622,37.1246563469016,99.92240789347674,81.32759210652324,181.25
4.7700000000000005,168.6449673129916,57.08010392049157,35.35533905932738,-11.42238144067263,37.15468742670597,100.08413283877614,81.16586716122384,181.25
4.78,168.9985207035849,56.96538977358482,35.35533905932738,-11.520447940672632,37.18495288088649,100.24725225464677,81.00274774535319,181.24999999999994
4.79,169.35207409417814,56.84969496167811,35.35533905932738,-11.618514440672627,37.21545213762851,100.41176614108858,80.83823385891138,181.24999999999994
4.8,169.7056274847714,56.73301948477139,35.35533905932738,-11.716580940672628,37.246184622580245,100.57767449810164,80.67232550189833,181.24999999999997
4.8100000000000005,170.05918087536472,56.615363342864654,35.35533905932738,-11.81464744067263,37.277149758899114,100.74497732568594,80.50502267431402,181.24999999999994
4.82,170.41273426595797,56.49672653595792,35.35533905932738,-11.912713940672631,37.30834696729803,100.91367462384144,80.33632537615848,181.24999999999994
4.83,170.76628765655124,56.377109064051226,35.35533905932738,-12.010780440672626,37.33977566609157,101.08376639256818,80.16623360743179,181.24999999999997
4.84,171.1198410471445,56.256510927144475,35.35533905932738,-12.108846940672628,37.371435271242085,101.25525263186617,79.99474736813379,181.24999999999994
4.8500000000000005,171.4733944377378,56.134932125237754,35.35533905932738,-12.20691344067263,37.40332519640565,101.42813334173535,79.8218666582646,181.24999999999994
4.86,171.82694782833107,56.01237265833103,35.35533905932738,-12.30497994067263,37.43544485297799,101.60240852217582,79.64759147782418,181.25
4.87,172.18050121892432,55.888832526424295,35.35533905932738,-12.403046440672625,37.467793650140145,101.77807817318745,79.47192182681252,181.24999999999997
4.88,172.5340546095176,55.76431172951757,35.35533905932738,-12.501112940672627,37.50037099490421,101.95514229477033,79.29485770522965,181.24999999999997
4.89,172.88760800011087,55.63881026761085,35.35533905932738,-12.599179440672621,37.53317629215875,102.1336008869244,79.11639911307554,181.24999999999994
4.9,173.24116139070415,55.51232814070411,35.35533905932738,-12.69724594067263,37.566208944714234,102.31345394964976,78.9365460503502,181.24999999999994
4.91,173.59471478129743,55.384865348797405,35.35533905932738,-12.795312440672625,37.599468353348186,102.4947014829463,78.75529851705367,181.24999999999997
4.92,173.9482681718907,55.25642189189065,35.35533905932738,-12.893378940672626,37.632953916850326,102.67734348681405,78.57265651318586,181.24999999999991
4.93,174.30182156248395,55.12699776998396,35.35533905932738,-12.99144544067262,37.666665032067456,102.86137996125305,78.38862003874691,181.24999999999994
4.94,174.65537495307726,54.99659298307722,35.35533905932738,-13.08951194067263,37.700601093948244,103.04681090626333,78.20318909373665,181.25
4.95,175.00892834367053,54.86520753117047,35.35533905932738,-13.187578440672631,37.734761495587776,103.2336363218448,78.01636367815516,181.24999999999994
4.96,175.36248173426378,54.73284141426376,35.35533905932738,-13.285644940672626,37.76914562827203,103.42185620799745,77.82814379200249,181.24999999999994
4.97,175.71603512485706,54.599494632357036,35.35533905932738,-13.383711440672627,37.803752881522115,103.61147056472139,77.63852943527858,181.24999999999997
4.98,176.06958851545036,54.4651671854503,35.35533905932738,-13.481777940672629,37.8385826431383,103.80247939201651,77.44752060798344,181.24999999999994
4.99,176.4231419060436,54.329859073543574,35.35533905932738,-13.57984444067263,37.873634299243946,103.99488268988289,77.25511731011707,181.24999999999994
5.0,176.7766952966369,54.193570296636864,35.35533905932738,-13.677910940672625,37.908907234329135,104.18868045832046,77.06131954167951,181.24999999999997
5.01,177.13024868723016,54.056300854730125,35.35533905932738,-13.775977440672627,37.94440083129422,104.38387269732928,76.86612730267068,181.24999999999994
5.0200000000000005,177.48380207782344,53.9180507478234,35.35533905932738,-13.874043940672628,37.98011447149304,104.58045940690933,76.66954059309063,181.24999999999994
5.03,177.83735546841672,53.778819975916676,35.35533905932738,-13.97211044067263,38.016047534776064,104.7784405870606,76.47155941293937,181.24999999999997
5.04,178.19090885901,53.63860853900995,35.35533905932738,-14.070176940672624,38.052199399533215,104.9778162377831,76.27218376221687,181.24999999999997
5.05,178.54446224960324,53.497416437103226,35.35533905932738,-14.168243440672626,38.08856944273653,105.17858635907679,76.07141364092315,181.24999999999994
5.0600000000000005,178.89801564019655,53.3552436701965,35.35533905932738,-14.266309940672635,38.125157039982604,105.38075095094179,75.86924904905821,181.25
5.07,179.25156903078982,53.21209023828976,35.35533905932738,-14.364376440672629,38.161961565534746,105.58431001337796,75.66568998662201,181.24999999999997
5.08,179.60512242138307,53.067956141383036,35.35533905932738,-14.46244294067263,38.198982392365004,105.78926354638533,75.46073645361462,181.24999999999994
5.09,179.95867581197635,52.92284137947634,35.35533905932738,-14.560509440672625,38.23621889219587,105.99561154996394,75.25438845003603,181.24999999999997
5.1000000000000005,180.31222920256965,52.77674595256957,35.35533905932738,-14.658575940672634,38.2736704355418,106.20335402411384,75.04664597588611,181.24999999999994
5.11,180.6657825931629,52.62966986066286,35.35533905932738,-14.756642440672628,38.31133639175043,106.4124909688349,74.83750903116506,181.24999999999994
5.12,181.01933598375618,52.48161310375616,35.35533905932738,-14.85470894067263,38.34921612904362,106.62302238412718,74.62697761587279,181.24999999999997
5.13,181.37288937434946,52.33257568184942,35.35533905932738,-14.952775440672625,38.38730901455822,106.83494826999075,74.41505173000924,181.25
5.14,181.7264427649427,52.18255759494269,35.35533905932738,-15.050841940672626,38.42561441438654,107.0482686264255,74.20173137357448,181.24999999999997
5.15,182.079996155536,52.03155884303598,35.35533905932738,-15.148908440672628,38.46413169361662,107.26298345343149,73.98701654656851,181.25
5.16,182.43354954612929,51.879579426129226,35.35533905932738,-15.24697494067263,38.50286021637223,107.47909275100868,73.77090724899126,181.24999999999994
5.17,182.78710293672253,51.72661934422251,35.35533905932738,-15.345041440672624,38.54179934585255,107.69659651915711,73.55340348084285,181.24999999999994
5.18,183.1406563273158,51.572678597315786,35.35533905932738,-15.443107940672625,38.580948444371685,107.91549475787679,73.33450524212319,181.24999999999997
5.19,183.49420971790911,51.417757185409044,35.35533905932738,-15.541174440672627,38.62030687339779,108.13578746716767,73.11421253283227,181.24999999999994
5.2,183.84776310850236,51.261855108502346,35.35533905932738,-15.639240940672629,38.659873993592,108.3574746470298,72.8925253529702,181.25
5.21,184.20131649909564,51.10497236659563,35.35533905932738,-15.737307440672623,38.69964916484709,108.58055629746312,72.66944370253687,181.25
5.22,184.5548698896889,50.947108959688876,35.35533905932738,-15.835373940672625,38.7396317463258,108.80503241846768,72.44496758153227,181.24999999999994
5.23,184.9084232802822,50.788264887782134,35.35533905932738,-15.933440440672634,38.779821096498914,109.03090301004352,72.21909698995644,181.24999999999994
5.24,185.26197667087547,50.628440150875434,35.35533905932738,-16.031506940672628,38.82021657318303,109.2581680721905,71.99183192780947,181.24999999999997
5.25,185.61553006146875,50.46763474896869,35.35533905932738,-16.12957344067263,38.860817533578114,109.48682760490878,71.76317239509119,181.24999999999997
5.26,185.969083452062,50.30584868206199,35.35533905932738,-16.227639940672624,38.90162333430462,109.71688160819822,71.53311839180176,181.25
5.2700000000000005,186.3226368426553,50.14308195015525,35.35533905932738,-16.325706440672633,38.94263333144049,109.94833008205893,71.30166991794104,181.24999999999997
5.28,186.67619023324858,49.97933455324852,35.35533905932738,-16.423772940672627,38.98384688055773,110.18117302649085,71.0688269735091,181.24999999999994
5.29,187.02974362384182,49.814606491341806,35.35533905932738,-16.52183944067263,39.02526333675874,110.41541044149402,70.83458955850597,181.25
5.3,187.3832970144351,49.64889776443508,35.35533905932738,-16.619905940672624,39.066882054712345,110.6510423270684,70.59895767293159,181.25
5.3100000000000005,187.7368504050284,49.48220837252833,35.35533905932738,-16.717972440672632,39.10870238868952,110.88806868321397,70.36193131678597,181.24999999999994
5.32,188.09040379562165,49.31453831562163,35.35533905932738,-16.816038940672627,39.15072369259882,111.12648950993082,70.12351049006917,181.25
5.33,188.44395718621493,49.14588759371489,35.35533905932738,-16.91410544067263,39.19294532002145,111.36630480721887,69.88369519278109,181.24999999999994
5.34,188.79751057680818,48.97625620680816,35.35533905932738,-17.012171940672623,39.235366624246154,111.60751457507814,69.6424854249218,181.24999999999994
5.3500000000000005,189.15106396740148,48.805644154901444,35.35533905932738,-17.11023844067263,39.27798695830365,111.85011881350869,69.3998811864913,181.25
5.36,189.50461735799476,48.634051437994685,35.35533905932738,-17.208304940672633,39.32080567500084,112.09411752251043,69.15588247748953,181.24999999999994
5.37,189.858170748588,48.46147805608797,35.35533905932738,-17.306371440672628,39.36382212695471,112.33951070208336,68.91048929791658,181.24999999999994
5.38,190.21172413918129,48.28792400918127,35.35533905932738,-17.404437940672622,39.40703566662589,112.58629835222754,68.66370164777243,181.24999999999997
5.39,190.56527752977456,48.11338929727452,35.35533905932738,-17.502504440672624,39.450445646351895,112.83448047294297,68.41551952705699,181.24999999999994
5.4,190.91883092036784,47.93787392036779,35.35533905932738,-17.600570940672633,39.49405141838009,113.08405706422963,68.16594293577035,181.24999999999997
5.41,191.27238431096112,47.761377878461076,35.35533905932738,-17.698637440672627,39.53785233490027,113.33502812608745,67.91497187391249,181.24999999999994
5.42,191.6259377015544,47.583901171554345,35.35533905932738,-17.79670394067263,39.58184774807706,113.58739365851658,67.66260634148338,181.24999999999994
5.43,191.97949109214764,47.40544379964763,35.35533905932738,-17.894770440672623,39.626037010081774,113.84115366151684,67.40884633848309,181.24999999999994
5.44,192.33304448274095,47.2260057627409,35.35533905932738,-17.992836940672632,39.67041947312423,114.09630813508845,67.15369186491152,181.24999999999997
5.45,192.68659787333422,47.04558706083418,35.35533905932738,-18.090903440672626,39.714994489483956,114.35285707923121,66.89714292076877,181.25
5.46,193.04015126392747,46.86418769392745,35.35533905932738,-18.188969940672628,39.75976141154135,114.61080049394519,66.63919950605477,181.24999999999994
5.47,193.39370465452075,46.68180766202073,35.35533905932738,-18.287036440672622,39.804719591808315,114.87013837923043,66.37986162076956,181.25
5.48,193.74725804511405,46.49844696511397,35.35533905932738,-18.38510294067263,39.849868382958675,115.13087073508689,66.11912926491306,181.24999999999994
5.49,194.1008114357073,46.31410560320728,35.35533905932738,-18.483169440672626,39.895207137858236,115.39299756151456,65.85700243848542,181.25
5.5,194.45436482630058,46.12878357630055,35.35533905932738,-18.581235940672627,39.94073520959453,115.65651885851344,65.59348114148652,181.24999999999994
5.51,194.80791821689385,45.94248088439383,35.35533905932738,-18.679302440672622,39.986451951506254,115.92143462608358,65.3285653739164,181.25
5.5200000000000005,195.16147160748713,45.7551975274871,35.35533905932738,-18.77736894067263,40.03235671721236,116.18774486422495,65.06225513577503,181.25
5.53,195.5150249980804,45.56693350558035,35.35533905932738,-18.875435440672632,40.07844886064081,116.45544957293755,64.79455042706243,181.25
5.54,195.86857838867368,45.37768881867365,35.35533905932738,-18.973501940672627,40.124727736057075,116.72454875222132,64.52545124777865,181.24999999999997
5.55,196.22213177926693,45.18746346676693,35.35533905932738,-19.07156844067262,40.17119269809225,116.99504240207635,64.25495759792362,181.24999999999997
5.5600000000000005,196.57568516986024,44.996257449860195,35.35533905932738,-19.16963494067263,40.217843101770846,117.26693052250262,63.98306947749736,181.24999999999997
5.57,196.9292385604535,44.80407076795345,35.35533905932738,-19.26770144067263,40.2646783025383,117.54021311350013,63.70978688649984,181.24999999999997
5.58,197.28279195104676,44.61090342104674,35.35533905932738,-19.365767940672626,40.3116976562881,117.81489017506883,63.43510982493116,181.25
5.59,197.63634534164004,44.41675540914002,35.35533905932738,-19.463834440672628,40.358900519388705,118.09096170720875,63.15903829279123,181.24999999999997
5.6000000000000005,197.98989873223334,44.22162673223326,35.35533905932738,-19.56190094067263,40.406286248709975,118.36842770991994,62.881572290080015,181.24999999999994
5.61,198.3434521228266,44.02551739032654,35.35533905932738,-19.65996744067263,40.45385420164941,118.64728818320232,62.60271181679763,181.24999999999994
5.62,198.69700551341987,43.828427383419836,35.35533905932738,-19.758033940672625,40.501603736158046,118.92754312705591,62.322456872944045,181.24999999999994
5.63,199.05055890401314,43.63035671151309,35.35533905932738,-19.856100440672627,40.54953421076597,119.20919254148077,62.04080745851917,181.24999999999994
5.64,199.4041122946064,43.43130537460638,35.35533905932738,-19.95416694067262,40.59764498460757,119.49223642647682,61.75776357352312,181.24999999999994
5.65,199.7576656851997,43.23127337269966,35.35533905932738,-20.05223344067263,40.64593541744647,119.77667478204413,61.47332521795584,181.24999999999997
5.66,200.11121907579297,43.03026070579293,35.35533905932738,-20.150299940672625,40.6944048697001,120.06250760818266,61.1874923918173,181.24999999999994
5.67,200.46477246638622,42.828267373886206,35.35533905932738,-20.248366440672626,40.743052702463984,120.34973490489243,60.900265095107564,181.25
5.68,200.8183258569795,42.62529337697947,35.35533905932738,-20.34643294067262,40.79187827753569,120.63835667217336,60.61164332782657,181.24999999999994
5.69,201.1718792475728,42.42133871507275,35.35533905932738,-20.44449944067263,40.84088095743851,120.92837291002559,60.32162708997438,181.24999999999997
5.7,201.52543263816605,42.216403388166015,35.35533905932738,-20.54256594067263,40.89006010544474,121.21978361844904,60.030216381550936,181.24999999999997
5.71,201.87898602875933,42.01048739625929,35.35533905932738,-20.640632440672626,40.93941508559871,121.51258879744368,59.73741120255629,181.24999999999997
5.72,202.23253941935258,41.80359073935256,35.35533905932738,-20.738698940672627,40.98894526273951,121.80678844700955,59.4432115529904,181.24999999999994
5.73,202.58609280994588,41.595713417445836,35.35533905932738,-20.83676544067263,41.03865000252335,122.10238256714668,59.147617432853295,181.24999999999997
5.74,202.93964620053916,41.3868554305391,35.35533905932738,-20.93483194067263,41.0885286714456,122.39937115785501,58.85062884214495,181.24999999999997
5.75,203.2931995911324,41.17701677863238,35.35533905932738,-21.032898440672625,41.138580636862635,122.69775421913457,58.5522457808654,181.24999999999997
5.76,203.64675298172568,40.96619746172567,35.35533905932738,-21.130964940672627,41.188805267013215,122.99753175098533,58.25246824901464,181.24999999999997
5.7700000000000005,204.000306372319,40.75439747981892,35.35533905932738,-21.229031440672628,41.23920193103968,123.29870375340734,57.95129624659259,181.24999999999994
5.78,204.35385976291226,40.54161683291221,35.35533905932738,-21.32709794067263,41.28976999900875,123.6012702264006,57.64872977359938,181.24999999999997
5.79,204.7074131535055,40.32785552100549,35.35533905932738,-21.425164440672624,41.340508841932056,123.90523116996502,57.34476883003492,181.24999999999994
5.8,205.0609665440988,40.11311354409875,35.35533905932738,-21.523230940672626,41.39141783178643,124.21058658410072,57.03941341589922,181.24999999999994
5.8100000000000005,205.4145199346921,39.897390902192,35.35533905932738,-21.621297440672635,41.44249634153373,124.51733646880767,56.732663531192266,181.24999999999994
5.82,205.76807332528534,39.68068759528532,35.35533905932738,-21.71936394067263,41.49374374514055,124.8254808240858,56.424519175914185,181.25
5.83,206.12162671587862,39.46300362337857,35.35533905932738,-21.817430440672624,41.54515941759748,125.13501964993517,56.11498035006478,181.24999999999994
5.84,206.47518010647187,39.24433898647186,35.35533905932738,-21.915496940672625,41.59674273493817,125.44595294635576,55.80404705364421,181.24999999999997
5.8500000000000005,206.82873349706517,39.02469368456511,35.35533905932738,-22.013563440672634,41.64849307425803,125.7582807133476,55.491719286652355,181.24999999999994
5.86,207.18228688765845,38.8040677176584,35.35533905932738,-22.11162994067263,41.70040981373265,126.07200295091063,55.17799704908933,181.24999999999994
5.87,207.5358402782517,38.582461085751675,35.35533905932738,-22.20969644067263,41.75249233263598,126.3871196590449,54.86288034095506,181.24999999999994
5.88,207.88939366884497,38.359873788844965,35.35533905932738,-22.307762940672625,41.80474001135813,126.70363083775041,54.54636916224958,181.25
5.89,208.24294705943825,38.13630582693821,35.35533905932738,-22.405829440672626,41.857152231422916,127.02153648702713,54.228463512972816,181.24999999999994
5.9,208.59650045003153,37.9117572000315,35.35533905932738,-22.503895940672628,41.90972837550515,127.34083660687507,53.909163393124885,181.24999999999994
5.91,208.9500538406248,37.68622790812478,35.35533905932738,-22.60196244067263,41.96246782744762,127.66153119729428,53.58846880270571,181.25
5.92,209.30360723121808,37.45971795121804,35.35533905932738,-22.700028940672624,42.0153699722777,127.98362025828466,53.26637974171529,181.24999999999994
5.93,209.65716062181133,37.232227329311314,35.35533905932738,-22.798095440672626,42.06843419622387,128.30710378984628,52.94289621015366,181.24999999999994
5.94,210.01071401240463,37.0037560424046,35.35533905932738,-22.896161940672627,42.12165988673174,128.63198179197917,52.61801820802082,181.25
5.95,210.3642674029979,36.77430409049785,35.35533905932738,-22.99422844067263,42.17504643247993,128.95825426468326,52.2917457353167,181.24999999999997
5.96,210.71782079359116,36.54387147359114,35.35533905932738,-23.092294940672623,42.22859322339562,129.28592120795852,51.96407879204141,181.24999999999994
5.97,211.07137418418444,36.312458191684414,35.35533905932738,-23.190361440672625,42.28229965066985,129.61498262180507,51.635017378194874,181.24999999999994
5.98,211.42492757477774,36.080064244777645,35.35533905932738,-23.288427940672634,42.336165106772505,129.94543850622287,51.30456149377705,181.24999999999991
5.99,211.778480965371,35.84668963287095,35.35533905932738,-23.386494440672628,42.39018898546705,130.27728886121184,50.97271113878811,181.24999999999994
6.0,212.13203435596427,35.61233435596421,35.35533905932738,-23.48456094067263,42.44437068182501,130.61053368677207,50.63946631322787,181.24999999999994
6.01,212.48558774655754,35.37699841405751,35.35533905932738,-23.582627440672624,42.498709592240154,130.94517298290347,50.30482701709647,181.24999999999994
6.0200000000000005,212.83914113715082,35.14068180715077,35.35533905932738,-23.680693940672633,42.553205114442434,131.2812067496062,49.96879325039378,181.25
6.03,213.1926945277441,34.90338453524407,35.35533905932738,-23.778760440672627,42.60785664751159,131.61863498688007,49.63136501311993,181.25
6.04,213.54624791833737,34.6651065983373,35.35533905932738,-23.87682694067263,42.66266359189063,131.95745769472518,49.29254230527475,181.24999999999994
6.05,213.89980130893062,34.425847996430605,35.35533905932738,-23.974893440672624,42.7176253493989,132.29767487314155,48.95232512685844,181.25
6.0600000000000005,214.25335469952392,34.185608729523864,35.35533905932738,-24.072959940672632,42.772741323244986,132.6392865221291,48.610713477870846,181.24999999999994
6.07,214.6069080901172,33.94438879761714,35.35533905932738,-24.171026440672627,42.82801091803932,132.98229264168788,48.267707358312045,181.24999999999991
6.08,214.96046148071045,33.702188200710424,35.35533905932738,-24.26909294067263,42.88343353980656,133.32669323181796,47.923306768182044,181.25
6.09,215.31401487130373,33.4590069388037,35.35533905932738,-24.367159440672623,42.93900859599766,133.67248829251918,47.57751170748079,181.24999999999997
6.1000000000000005,215.66756826189703,33.214845011896955,35.35533905932738,-24.46522594067263,42.994735495501786,134.01967782379168,47.23032217620829,181.24999999999997
6.11,216.02112165249028,32.969702419990256,35.35533905932738,-24.563292440672626,43.050613648657844,134.36826182563536,46.88173817436462,181.24999999999997
6.12,216.37467504308356,32.723579163083514,35.35533905932738,-24.661358940672628,43.10664246726592,134.7182402980503,46.53175970194967,181.24999999999994
6.13,216.72822843367683,32.476475241176814,35.35533905932738,-24.759425440672622,43.16282136459834,135.06961324103642,46.18038675896355,181.24999999999997
6.140000000000001,217.0817818242701,32.22839065427007,35.35533905932738,-24.85749194067263,43.21914975541056,135.42238065459384,45.82761934540615,181.25
6.15,217.4353352148634,31.979325402363315,35.35533905932738,-24.955558440672633,43.275627055951794,135.77654253872245,45.47345746127749,181.24999999999994
6.16,217.78888860545666,31.7292794854566,35.35533905932738,-25.053624940672627,43.332252683975405,136.1320988934223,45.117901106577676,181.24999999999997
6.17,218.1424419960499,31.4782529035499,35.35533905932738,-25.15169144067263,43.38902605874906,136.48904971869337,44.76095028130665,181.25
6.18,218.4959953866432,31.226245656643158,35.35533905932738,-25.249757940672623,43.44594660106464,136.8473950145356,44.40260498546434,181.24999999999994
6.19,218.8495487772365,30.97325774473643,35.35533905932738,-25.347824440672632,43.50301373324796,137.20713478094913,44.042865219050825,181.24999999999994
6.2,219.20310216782974,30.719289167829714,35.35533905932738,-25.445890940672626,43.56022687916817,137.56826901793386,43.6817309820661,181.24999999999994
6.21,219.55665555842302,30.464339925922957,35.35533905932738,-25.543957440672628,43.61758546424704,137.93079772548987,43.31920227451009,181.24999999999994
6.22,219.91020894901627,30.20841001901627,35.35533905932738,-25.642023940672622,43.67508891546791,138.29472090361702,42.95527909638295,181.24999999999997
6.23,220.26376233960957,29.951499447109512,35.35533905932738,-25.74009044067263,43.73273666138453,138.66003855231546,42.58996144768449,181.24999999999994
6.24,220.61731573020285,29.693608210202797,35.35533905932738,-25.838156940672626,43.790528132129545,139.0267506715851,42.22324932841486,181.24999999999994
6.25,220.97086912079612,29.434736308296067,35.35533905932738,-25.936223440672627,43.848462759422894,139.39485726142598,41.85514273857398,181.24999999999997
6.26,221.32442251138937,29.17488374138938,35.35533905932738,-26.034289940672622,43.906539976579886,139.76435832183805,41.48564167816194,181.25
6.2700000000000005,221.67797590198268,28.914050509482593,35.35533905932738,-26.13235644067263,43.96475921851915,140.13525385282142,41.11474614717853,181.24999999999994
6.28,222.03152929257595,28.652236612575905,35.35533905932738,-26.230422940672625,44.02311992177025,140.50754385437594,40.74245614562403,181.24999999999997
6.29,222.3850826831692,28.389442050669174,35.35533905932738,-26.328489440672627,44.081621524481264,140.8812283265017,40.36877167349825,181.24999999999997
6.3,222.73863607376248,28.125666823762458,35.35533905932738,-26.42655594067262,44.14026346642597,141.2563072691987,39.993692730801264,181.24999999999994
6.3100000000000005,223.09218946435578,27.8609109318557,35.35533905932738,-26.52462244067263,44.199045189010974,141.63278068246697,39.617219317532985,181.24999999999994
6.32,223.44574285494903,27.595174374948982,35.35533905932738,-26.62268894067263,44.2579661352825,142.0106485663064,39.23935143369354,181.24999999999994
6.33,223.7992962455423,27.32845715304225,35.35533905932738,-26.720755440672626,44.31702574993313,142.3899109207171,38.86008907928286,181.24999999999997
6.34,224.15284963613556,27.060759266135534,35.35533905932738,-26.818821940672628,44.376223479308194,142.77056774569903,38.47943225430096,181.25
6.3500000000000005,224.50640302672886,26.79208071422883,35.35533905932738,-26.91688844067263,44.43555877141207,143.15261904125214,38.09738095874786,181.25
6.36,224.85995641732214,26.522421497322057,35.35533905932738,-27.01495494067263,44.49503107591423,143.5360648073765,37.71393519262343,181.24999999999994
6.37,225.2135098079154,26.251781615415382,35.35533905932738,-27.113021440672625,44.554639844155105,143.92090504407207,37.329094955927914,181.25
6.38,225.56706319850866,25.980161068508608,35.35533905932738,-27.211087940672627,44.6143845291518,144.3071397513389,36.942860248661034,181.24999999999994
6.390000000000001,225.92061658910197,25.707559856601904,35.35533905932738,-27.30915444067263,44.67426458560353,144.69476892917697,36.55523107082303,181.25
6.4,226.27416997969522,25.433977979695186,35.35533905932738,-27.40722094067263,44.734279469896954,145.0837925775862,36.16620742241378,181.24999999999997
6.41,226.6277233702885,25.159415437788454,35.35533905932738,-27.505287440672625,44.7944286401113,145.47421069656667,35.77578930343328,181.24999999999994
6.42,226.98127676088177,24.883872230881735,35.35533905932738,-27.603353940672626,44.85471155602327,145.86602328611843,35.383976713881566,181.25
6.43,227.33483015147502,24.60734835897503,35.35533905932738,-27.70142044067262,44.9151276791118,146.2592303462413,34.990769653758655,181.24999999999997
6.44,227.68838354206832,24.329843822068256,35.35533905932738,-27.79948694067263,44.97567647256268,146.65383187693556,34.596168123064416,181.24999999999997
6.45,228.0419369326616,24.051358620161523,35.35533905932738,-27.89755344067263,45.036357401272866,147.04982787820092,34.20017212179901,181.24999999999991
6.46,228.39549032325485,23.771892753254832,35.35533905932738,-27.995619940672626,45.09716993185478,147.44721835003753,33.80278164996244,181.24999999999997
6.47,228.74904371384812,23.4914462213481,35.35533905932738,-28.09368644067262,45.15811353264032,147.84600329244537,33.403996707554576,181.24999999999994
6.48,229.10259710444143,23.21001902444135,35.35533905932738,-28.19175294067263,45.219187673684765,148.2461827054245,33.00381729457548,181.24999999999997
6.49,229.45615049503468,22.927611162534646,35.35533905932738,-28.28981944067263,45.28039182677044,148.6477565889748,32.6022434110252,181.25
6.5,229.80970388562795,22.644222635627926,35.35533905932738,-28.387885940672625,45.34172546541032,149.0507249430963,32.19927505690368,181.24999999999997
6.51,230.16325727622123,22.359853443721192,35.35533905932738,-28.485952440672627,45.40318806485138,149.45508776778902,31.79491223221092,181.24999999999994
6.5200000000000005,230.5168106668145,22.074503586814473,35.35533905932738,-28.584018940672628,45.46477910207781,149.860845063053,31.389154936946948,181.24999999999994
6.53,230.87036405740778,21.78817306490771,35.35533905932738,-28.68208544067263,45.5264980558141,150.26799682888824,30.98200317111169,181.24999999999994
6.54,231.22391744800106,21.50086187800099,35.35533905932738,-28.78015194067263,45.58834440652789,150.67654306529468,30.573456934705266,181.24999999999994
6.55,231.5774708385943,21.212570026094312,35.35533905932738,-28.87821844067262,45.65031763643276,151.08648377227226,30.163516227727676,181.24999999999994
6.5600000000000005,231.9310242291876,20.923297509187535,35.35533905932738,-28.976284940672635,45.712417229490846,151.49781894982124,29.752181050178717,181.24999999999994
6.57,232.2845776197809,20.633044327280857,35.35533905932738,-29.074351440672622,45.774642671415165,151.9105485979413,29.339451402058675,181.24999999999997
6.58,232.63813101037414,20.341810480374136,35.35533905932738,-29.172417940672624,45.83699344967204,152.32467271663262,28.925327283367345,181.24999999999997
6.59,232.99168440096742,20.049595968467372,35.35533905932738,-29.270484440672625,45.89946905348316,152.7401913058952,28.509808694104727,181.24999999999991
6.6000000000000005,233.34523779156072,19.75640079156065,35.35533905932738,-29.368550940672627,45.96206897382757,153.157104365729,28.092895634270945,181.24999999999994
6.61,233.69879118215397,19.462224949653944,35.35533905932738,-29.46661744067263,46.024792703443566,153.575411896134,27.674588103865954,181.24999999999994
6.62,234.05234457274724,19.167068442747194,35.35533905932738,-29.56468394067263,46.087639736830376,153.9951138971103,27.254886102889678,181.24999999999997
6.63,234.40589796334052,18.870931270840458,35.35533905932738,-29.66275044067263,46.15060957024971,154.41621036865777,26.833789631342196,181.24999999999997
6.640000000000001,234.7594513539338,18.573813433933736,35.35533905932738,-29.760816940672633,46.21370170172724,154.83870131077646,26.411298689223507,181.24999999999997
6.65,235.11300474452707,18.275714932027,35.35533905932738,-29.858883440672635,46.27691563105383,155.2625867234664,25.98741327653357,181.24999999999997
6.66,235.46655813512035,17.976635765120307,35.35533905932738,-29.956949940672622,46.340250859786735,155.68786660672748,25.562133393272468,181.24999999999994
6.67,235.8201115257136,17.6765759332136,35.35533905932738,-30.055016440672624,46.403706891250636,156.11454096055988,25.13545903944012,181.25
6.68,236.17366491630688,17.375535436306848,35.35533905932738,-30.153082940672626,46.46728323053848,156.54260978496345,24.707390215036487,181.24999999999994
6.69,236.52721830690018,17.07351427440011,35.35533905932738,-30.251149440672627,46.53097938451229,156.9720730799383,24.277926920061645,181.24999999999994
6.7,236.88077169749343,16.770512447493388,35.35533905932738,-30.34921594067263,46.5947948618038,157.40293084548438,23.847069154515598,181.24999999999997
6.71,237.2343250880867,16.46652995558665,35.35533905932738,-30.44728244067263,46.658729172814944,157.83518308160168,23.4148169183983,181.25
6.72,237.58787847867995,16.161566798679985,35.35533905932738,-30.545348940672618,46.72278182971825,158.2688297882901,22.981170211709884,181.25
6.73,237.94143186927326,15.85562297677319,35.35533905932738,-30.643415440672634,46.78695234645717,158.70387096554992,22.546129034450054,181.24999999999997
6.74,238.29498525986654,15.548698489866496,35.35533905932738,-30.74148194067262,46.851240238746094,159.14030661338083,22.109693386619142,181.24999999999997
6.75,238.64853865045978,15.240793337959786,35.35533905932738,-30.839548440672623,46.91564502407052,159.578136731783,21.67186326821698,181.24999999999997
6.76,239.00209204105306,14.931907521053034,35.35533905932738,-30.937614940672624,46.98016622168689,160.01736132075644,21.232638679243536,181.24999999999997
6.7700000000000005,239.35564543164637,14.622041039146296,35.35533905932738,-31.035681440672626,47.044803352622395,160.45798038030105,20.79201961969888,181.24999999999994
6.78,239.70919882223964,14.311193892239572,35.35533905932738,-31.133747940672627,47.10955593967467,160.89999391041692,20.350006089583022,181.24999999999994
6.79,240.0627522128329,13.999366080332834,35.35533905932738,-31.23181444067263,47.17442350741138,161.34340191110405,19.906598088895915,181.24999999999997
6.8,240.41630560342617,13.68655760342611,35.35533905932738,-31.32988094067263,47.23940558216966,161.78820438236235,19.461795617637602,181.24999999999994
6.8100000000000005,240.76985899401947,13.3727684615194,35.35533905932738,-31.427947440672632,47.304501692055496,162.23440132419188,19.015598675808086,181.24999999999997
6.82,241.12341238461272,13.057998654612646,35.35533905932738,-31.526013940672634,47.369711366942965,162.6819927365927,18.568007263407278,181.24999999999997
6.83,241.476965775206,12.742248182705964,35.35533905932738,-31.62408044067262,47.435034138473355,163.1309786195646,18.119021380435345,181.24999999999994
6.84,241.83051916579925,12.42551704579924,35.35533905932738,-31.722146940672623,47.50046954005429,163.58135897310783,17.66864102689213,181.24999999999994
6.8500000000000005,242.18407255639255,12.1078052438925,35.35533905932738,-31.820213440672624,47.566017106858574,164.03313379722226,17.216866202777663,181.24999999999991
6.86,242.53762594698583,11.789112776985775,35.35533905932738,-31.918279940672626,47.631676375823105,164.48630309190798,16.76369690809199,181.24999999999997
6.87,242.89117933757908,11.469439645079063,35.35533905932738,-32.01634644067263,47.697446885647565,164.94086685716485,16.309133142835115,181.24999999999997
6.88,243.24473272817235,11.14878584817231,35.35533905932738,-32.11441294067263,47.763328176793145,165.39682509299303,15.85317490700695,181.24999999999997
6.890000000000001,243.59828611876566,10.82715138626557,35.35533905932738,-32.21247944067263,47.82931979148101,165.85417779939237,15.39582220060758,181.24999999999994
6.9,243.9518395093589,10.504536259358844,35.35533905932738,-32.31054594067263,47.895421273690836,166.31292497636295,14.937075023637002,181.24999999999994
6.91,244.30539289995218,10.18094046745216,35.35533905932738,-32.40861244067262,47.96163216915913,166.7730666239047,14.476933376095259,181.24999999999994
6.92,244.65894629054546,9.856364010545434,35.35533905932738,-32.50667894067262,48.027952025377566,167.23460274201776,14.015397257982228,181.24999999999997
6.93,245.0124996811387,9.530806888638722,35.35533905932738,-32.60474544067262,48.094380391591095,167.697533330702,13.552466669297992,181.24999999999997
6.94,245.366053071732,9.204269101731967,35.35533905932738,-32.702811940672625,48.16091681879613,168.1618583899575,13.088141610042468,181.24999999999997
6.95,245.7196064623253,8.876750649825226,35.35533905932738,-32.800878440672626,48.22756085973852,168.62757791978422,12.622422080215738,181.24999999999994
6.96,246.07315985291854,8.548251532918528,35.35533905932738,-32.89894494067263,48.29431206891148,169.09469192018213,12.155308079817843,181.24999999999997
6.97,246.4267132435118,8.218771751011758,35.35533905932738,-32.99701144067263,48.3611700025535,169.56320039115133,11.68679960884862,181.24999999999994
6.98,246.78026663410512,7.888311304105031,35.35533905932738,-33.09507794067263,48.42813421864605,170.03310333269172,11.21689666730823,181.24999999999994
6.99,247.13382002469837,7.556870192198318,35.35533905932738,-33.19314444067263,48.49520427691131,170.50440074480338,10.745599255196636,181.25
7.0,247.48737341529164,7.224448415291619,35.35533905932738,-33.29121094067262,48.56237973880976,170.97709262748614,10.272907372513833,181.24999999999997
7.01,247.84092680588492,6.891045973384905,35.35533905932738,-33.38927744067262,48.62966016753777,171.4511789807402,9.798821019259785,181.24999999999997
7.0200000000000005,248.1944801964782,6.556662866478177,35.35533905932738,-33.48734394067262,48.697045128025,171.9266598045655,9.32334019543449,181.25
7.03,248.54803358707147,6.221299094571435,35.35533905932738,-33.585410440672625,48.76453418693182,172.40353509896204,8.84646490103795,181.25
7.04,248.90158697766475,5.884954657664707,35.35533905932738,-33.68347694067263,48.8321269126466,172.88180486392974,8.3681951360702,181.24999999999994
7.05,249.255140368258,5.547629555757993,35.35533905932738,-33.78154344067263,48.899822875283014,173.36146909946876,7.888530900531247,181.25
7.0600000000000005,249.6086937588513,5.209323788851236,35.35533905932738,-33.87960994067263,48.96762164667714,173.84252780557892,7.407472194421006,181.24999999999994
7.07,249.96224714944458,4.8700373569444935,35.35533905932738,-33.97767644067263,49.03552280038462,174.3249809822604,6.925019017739558,181.24999999999994
7.08,250.31580054003783,4.529770260037793,35.35533905932738,-34.07574294067263,49.10352591167768,174.80882862951307,6.441171370486945,181.25000000000003
7.09,250.6693539306311,4.1885224981310785,35.35533905932738,-34.17380944067262,49.17163055754207,175.29407074733686,5.9559292526630845,181.24999999999994
7.1000000000000005,251.0229073212244,3.846294071224321,35.35533905932738,-34.271875940672636,49.239836316674086,175.78070733573207,5.469292664267938,181.25
7.11,251.37646071181766,3.5030849793176344,35.35533905932738,-34.369942440672624,49.30814276947723,176.26873839469835,4.981261605301665,181.25
7.12,251.73001410241093,3.1588952224108766,35.35533905932738,-34.468008940672625,49.37654949805918,176.75816392423584,4.4918360757640645,181.24999999999991
7.13,252.0835674930042,2.8137248005041613,35.35533905932738,-34.56607544067263,49.44505608622839,177.24898392434466,4.001016075655299,181.24999999999994
7.140000000000001,252.4371208835975,2.4675737135974316,35.35533905932738,-34.66414194067263,49.51366211949081,177.7411983950247,3.5088016049752864,181.24999999999997
7.15,252.79067427419076,2.1204419616906875,35.35533905932738,-34.76220844067263,49.58236718504646,178.23480733627594,3.0151926637240267,181.24999999999997
7.16,253.14422766478404,1.7723295447839575,35.35533905932738,-34.86027494067263,49.65117087178598,178.7298107480984,2.520189251901561,181.24999999999997
7.17,253.4977810553773,1.42323646287727,35.35533905932738,-34.95834144067262,49.72007277028714,179.226208630492,2.0237913695079297,181.24999999999994
7.18,253.85133444597056,1.0731627159705397,35.35533905932738,-35.05640794067262,49.789072472811284,179.72400098345693,1.5259990165430113,181.24999999999994
7.19,254.20488783656387,0.7221083040638234,35.35533905932738,-35.15447444067262,49.85816957329967,180.22318780699308,1.0268121930068865,181.24999999999997
7.2,254.55844122715712,0.37007322715706437,35.35533905932738,-35.252540940672624,49.92736366736982,180.72376910110046,0.5262308988994746,181.24999999999994
7.21,254.9119946177504,0.01705748525034778,35.35533905932738,-35.350607440672626,49.99665435231181,181.22574486577906,0.024255134220896844,181.24999999999997
7.210481854756646,254.92903075604895,0.0,35.35533905932738,-35.355332821621886,49.999995589276345,181.2499680222549,0.0,181.2499680222549
